브랜드,모델명,이름,링크,연식,주행거리,가격
현대,스타렉스,그랜드스타렉스 2.5 디젤 밴 3인승 2WD  CVX 럭셔리,https://www.bobaedream.co.kr/mycar/mycar_view.php?no=2233564&gubun=K,2011,195981,499
현대,스타렉스,그랜드스타렉스 2.5 디젤 밴 5인승 2WD CVX 럭셔리,https://www.bobaedream.co.kr/mycar/mycar_view.php?no=2230653&gubun=K,2011,184671,379
현대,스타렉스,더 뉴 그랜드스타렉스 2.5 디젤 밴 5인승 모던,https://www.bobaedream.co.kr/mycar/mycar_view.php?no=2231580&gubun=K,2018,101079,1550
현대,스타렉스,스타렉스 캠핑카,https://www.bobaedream.co.kr/mycar/mycar_view.php?no=2226233&gubun=K,2006,190000,1399
현대,스타렉스,그랜드스타렉스 캠핑카,https://www.bobaedream.co.kr/mycar/mycar_view.php?no=2227392&gubun=K,2008,87458,1900
현대,스타렉스,뉴스타렉스 캠핑카,https://www.bobaedream.co.kr/mycar/mycar_view.php?no=2227727&gubun=K,2005,190000,1399
현대,스타렉스,그랜드스타렉스 어린이보호차 디젤 12인승 2WD,https://www.bobaedream.co.kr/mycar/mycar_view.php?no=2221524&gubun=K,2012,147000,539
현대,스타렉스,그랜드스타렉스 2.5 디젤 밴 5인승 2WD  CVX 프리미엄,https://www.bobaedream.co.kr/mycar/mycar_view.php?no=2230576&gubun=K,2012,154000,529
현대,스타렉스,더 뉴 그랜드스타렉스 2.5 디젤 밴 3인승 스타일,https://www.bobaedream.co.kr/mycar/mycar_view.php?no=2228156&gubun=K,2018,122286,1250
현대,스타렉스,그랜드스타렉스 2.5 디젤 밴 3인승 2WD CVX 디럭스,https://www.bobaedream.co.kr/mycar/mycar_view.php?no=2230147&gubun=K,2015,263566,660
현대,스타렉스,더 뉴 그랜드스타렉스 2.5 디젤 밴 5인승  스마트,https://www.bobaedream.co.kr/mycar/mycar_view.php?no=2231253&gubun=K,2018,73005,1490
현대,스타렉스,그랜드스타렉스 2.5 디젤 밴 5인승 2WD  CVX 프리미엄,https://www.bobaedream.co.kr/mycar/mycar_view.php?no=2231928&gubun=K,2013,253000,550
현대,스타렉스,더 뉴 그랜드스타렉스 2.5 디젤 밴 3인승 스마트,https://www.bobaedream.co.kr/mycar/mycar_view.php?no=2232228&gubun=K,2018,105326,1360
현대,스타렉스,그랜드스타렉스 어린이보호차 디젤 12인승 2WD,https://www.bobaedream.co.kr/mycar/mycar_view.php?no=2226408&gubun=K,2015,156190,649
현대,스타렉스,그랜드스타렉스  캠핑카,https://www.bobaedream.co.kr/mycar/mycar_view.php?no=2207385&gubun=K,2012,94157,2380
현대,스타렉스,그랜드스타렉스  2.5 디젤 왜건 12인승 2WD 스마트?,https://www.bobaedream.co.kr/mycar/mycar_view.php?no=2232109&gubun=K,2017,71890,1390
현대,스타렉스,그랜드스타렉스 2.5 디젤 밴 3인승 2WD  CVX 럭셔리,https://www.bobaedream.co.kr/mycar/mycar_view.php?no=2231812&gubun=K,2013,186668,770
현대,스타렉스,그랜드스타렉스 2.5 디젤 왜건 12인승 2WD  스마트,https://www.bobaedream.co.kr/mycar/mycar_view.php?no=2232959&gubun=K,2017,153000,1180
현대,스타렉스,그랜드스타렉스  캠핑카,https://www.bobaedream.co.kr/mycar/mycar_view.php?no=2215611&gubun=K,2016,103000,3190
현대,스타렉스,그랜드스타렉스  2.5 디젤 왜건 12인승 2WD 스마트,https://www.bobaedream.co.kr/mycar/mycar_view.php?no=2227722&gubun=K,2017,69111,1390
현대,스타렉스,그랜드스타렉스  2.5 디젤 왜건 12인승 2WD 스마트,https://www.bobaedream.co.kr/mycar/mycar_view.php?no=2232109&gubun=K,2017,71890,1390
현대,스타리아,스타리아 2.2 디젤 카고 5인승 2WD 모던,https://www.bobaedream.co.kr/mycar/mycar_view.php?no=2233051&gubun=K,2024,9989,3170
현대,스타리아,스타리아  2.2 디젤 라운지 9인승 2WD 인스퍼레이션,https://www.bobaedream.co.kr/mycar/mycar_view.php?no=2222379&gubun=K,2022,94830,3088
현대,스타리아,스타리아  2.2 디젤 7인승 휠체어 리프트 4WD?,https://www.bobaedream.co.kr/mycar/mycar_view.php?no=2233025&gubun=K,2023,21967,4700
현대,스타리아,스타리아 세대  2.2 디젤 카고 5인승 2WD 모던,https://www.bobaedream.co.kr/mycar/mycar_view.php?no=2232466&gubun=K,2023,29951,3100
현대,스타리아,스타리아 2.2 디젤 카고 3인승 2WD 스마트,https://www.bobaedream.co.kr/mycar/mycar_view.php?no=2230667&gubun=K,2022,30207,2600
현대,스타리아,스타리아  2.2 디젤 라운지 9인승 4WD 프레스티지,https://www.bobaedream.co.kr/mycar/mycar_view.php?no=2209569&gubun=K,2022,43451,5990
현대,스타리아,스타리아  2.2 디젤 캠핑카,https://www.bobaedream.co.kr/mycar/mycar_view.php?no=2220321&gubun=K,2021,38000,4600
현대,벨로스터,벨로스터 1.6 터보  D 스펙,https://www.bobaedream.co.kr/mycar/mycar_view.php?no=2230539&gubun=K,2014,147000,379
현대,벨로스터,벨로스터 1.6  유니크,https://www.bobaedream.co.kr/mycar/mycar_view.php?no=2227652&gubun=K,2011,185000,299
현대,벨로스터,더 뉴 벨로스터 1.6 터보 D 스펙,https://www.bobaedream.co.kr/mycar/mycar_view.php?no=2230985&gubun=K,2015,116000,750
현대,벨로스터,벨로스터 1.6  익스트림,https://www.bobaedream.co.kr/mycar/mycar_view.php?no=2233609&gubun=K,2011,139000,450
현대,벨로스터,더 뉴 벨로스터  1.6 터보 D 스펙,https://www.bobaedream.co.kr/mycar/mycar_view.php?no=2219272&gubun=K,2015,149714,690
현대,벨로스터,벨로스터  1.6 터보 스포츠 코어,https://www.bobaedream.co.kr/mycar/mycar_view.php?no=2229237&gubun=K,2018,77458,1390
현대,벨로스터,벨로스터  1.6 터보 익스트림,https://www.bobaedream.co.kr/mycar/mycar_view.php?no=2233361&gubun=K,2012,125638,650
현대,벨로스터,벨로스터 N  2.0 터보 퍼포먼스팩,https://www.bobaedream.co.kr/mycar/mycar_view.php?no=2230017&gubun=K,2018,63000,1750
현대,벨로스터,벨로스터 N 2.0 터보 퍼포먼스팩,https://www.bobaedream.co.kr/mycar/mycar_view.php?no=2232340&gubun=K,2020,56360,2230
현대,벨로스터,더 뉴 벨로스터 1.6 PYL DCT,https://www.bobaedream.co.kr/mycar/mycar_view.php?no=2231378&gubun=K,2015,167429,630
현대,벨로스터,벨로스터 1.6 DCT팩,https://www.bobaedream.co.kr/mycar/mycar_view.php?no=2231151&gubun=K,2012,95700,650
현대,벨로스터,벨로스터 N  2.0 터보 퍼포먼스팩,https://www.bobaedream.co.kr/mycar/mycar_view.php?no=2218101&gubun=K,2019,61787,1740
현대,벨로스터,벨로스터 1.6 터보 D 스펙,https://www.bobaedream.co.kr/mycar/mycar_view.php?no=2225633&gubun=K,2013,82069,560
현대,벨로스터,벨로스터 N  2.0 터보 퍼포먼스팩,https://www.bobaedream.co.kr/mycar/mycar_view.php?no=2227877&gubun=K,2020,35000,2440
현대,싼타페,싼타페DM 2.0 디젤 4WD 익스클루시브,https://www.bobaedream.co.kr/mycar/mycar_view.php?no=2223322&gubun=K,2013,87046,1190
현대,싼타페,싼타페DM 2.2 디젤 4WD  모던,https://www.bobaedream.co.kr/mycar/mycar_view.php?no=2232753&gubun=K,2013,243226,730
현대,싼타페,디 올 뉴 싼타페  2.5 가솔린 터보 2WD 익스클루시브,https://www.bobaedream.co.kr/mycar/mycar_view.php?no=2218233&gubun=K,2023,14,350
현대,싼타페,디 올 뉴 싼타페 2.5 가솔린 터보 2WD 프레스티지,https://www.bobaedream.co.kr/mycar/mycar_view.php?no=2221620&gubun=K,2024,10,400
현대,싼타페,더 뉴 싼타페 2.2 디젤 2WD  프레스티지 5인승,https://www.bobaedream.co.kr/mycar/mycar_view.php?no=2233254&gubun=K,2021,75180,2299
현대,싼타페,싼타페CM 2.0 디젤 2WD MLX 프리미어,https://www.bobaedream.co.kr/mycar/mycar_view.php?no=2230116&gubun=K,2011,95531,740
현대,싼타페,싼타페DM 2.0 디젤 2WD  익스클루시브,https://www.bobaedream.co.kr/mycar/mycar_view.php?no=2232537&gubun=K,2014,75070,1430
현대,싼타페,싼타페 더스타일 2.0 디젤 2WD CLX 디럭스,https://www.bobaedream.co.kr/mycar/mycar_view.php?no=2233443&gubun=K,2011,87823,399
현대,싼타페,싼타페 더 프라임  2.0 디젤 2WD 익스클루시브,https://www.bobaedream.co.kr/mycar/mycar_view.php?no=2231830&gubun=K,2017,109000,1240
현대,싼타페,싼타페TM  2.0 디젤 2WD 프리미엄,https://www.bobaedream.co.kr/mycar/mycar_view.php?no=2232750&gubun=K,2018,60925,1880
현대,싼타페,싼타페TM  2.0 가솔린 터보 2WD 익스클루시브,https://www.bobaedream.co.kr/mycar/mycar_view.php?no=2232395&gubun=K,2020,115459,1899
현대,싼타페,싼타페TM  2.0 디젤 2WD 프리미엄,https://www.bobaedream.co.kr/mycar/mycar_view.php?no=2233227&gubun=K,2020,155003,1799
현대,싼타페,싼타페 더 프라임  2.0 디젤 2WD 프리미엄,https://www.bobaedream.co.kr/mycar/mycar_view.php?no=2226240&gubun=K,2016,163000,1220
현대,싼타페,싼타페DM 2.0 디젤 4WD  프리미엄,https://www.bobaedream.co.kr/mycar/mycar_view.php?no=2226577&gubun=K,2013,122082,1130
현대,싼타페,싼타페 더 프라임  2.2 디젤 2WD 익스클루시브,https://www.bobaedream.co.kr/mycar/mycar_view.php?no=2232423&gubun=K,2016,125038,1420
현대,싼타페,싼타페CM 2.0 디젤 2WD  CLX 고급형,https://www.bobaedream.co.kr/mycar/mycar_view.php?no=2233690&gubun=K,2007,166700,350
현대,그랜저,그랜저HG  300 익스클루시브,https://www.bobaedream.co.kr/mycar/mycar_view.php?no=2228700&gubun=K,2013,40000,1240
현대,그랜저,디 올 뉴 그랜저 하이브리드 1.6 터보 HEV 프리미엄,https://www.bobaedream.co.kr/mycar/mycar_view.php?no=2226873&gubun=K,2023,12000,500
현대,그랜저,디 올 뉴 그랜저 하이브리드 1.6 터보 HEV 캘리그래피,https://www.bobaedream.co.kr/mycar/mycar_view.php?no=2230708&gubun=K,2023,22000,400
현대,그랜저,더 뉴 그랜저 2.5 르블랑,https://www.bobaedream.co.kr/mycar/mycar_view.php?no=2233445&gubun=K,2022,49000,2970
현대,그랜저,더 뉴 그랜저  2.5 프리미엄,https://www.bobaedream.co.kr/mycar/mycar_view.php?no=2233052&gubun=K,2020,61258,2340
현대,그랜저,디 올 뉴 그랜저 하이브리드  1.6 터보 HEV 익스클루시브,https://www.bobaedream.co.kr/mycar/mycar_view.php?no=2233278&gubun=K,2023,12404,4690
현대,그랜저,그랜저IG 2.4 프리미엄,https://www.bobaedream.co.kr/mycar/mycar_view.php?no=2218663&gubun=K,2017,109655,1319
현대,그랜저,그랜저HG 300 프라임,https://www.bobaedream.co.kr/mycar/mycar_view.php?no=2218670&gubun=K,2012,126303,570
현대,그랜저,그랜저HG 300 프리미엄,https://www.bobaedream.co.kr/mycar/mycar_view.php?no=2228805&gubun=K,2013,100929,599
현대,그랜저,그랜저HG 300  노블,https://www.bobaedream.co.kr/mycar/mycar_view.php?no=2230064&gubun=K,2011,131820,499
현대,그랜저,그랜저IG 3.3 셀러브리티,https://www.bobaedream.co.kr/mycar/mycar_view.php?no=2230384&gubun=K,2017,136074,1530
현대,그랜저,그랜저HG 300  프라임,https://www.bobaedream.co.kr/mycar/mycar_view.php?no=2231052&gubun=K,2012,99221,680
현대,그랜저,그랜저HG 300  익스클루시브,https://www.bobaedream.co.kr/mycar/mycar_view.php?no=2231740&gubun=K,2014,127765,599
현대,쏘나타,쏘나타 뉴 라이즈  1.6 터보 스마트,https://www.bobaedream.co.kr/mycar/mycar_view.php?no=2232575&gubun=K,2018,92000,1690
현대,쏘나타,LF쏘나타  2.0 케어 플러스,https://www.bobaedream.co.kr/mycar/mycar_view.php?no=2233593&gubun=K,2017,98285,1200
현대,쏘나타,LF쏘나타 2.0 LPi 프리미엄,https://www.bobaedream.co.kr/mycar/mycar_view.php?no=2229000&gubun=K,2014,131685,1060
현대,쏘나타,LF쏘나타 2.0 LPi 프리미엄 스페셜,https://www.bobaedream.co.kr/mycar/mycar_view.php?no=2219009&gubun=K,2014,84569,870
현대,쏘나타,쏘나타 하이브리드 2.0 HEV  프리미어,https://www.bobaedream.co.kr/mycar/mycar_view.php?no=2231542&gubun=K,2012,94284,680
현대,쏘나타,YF쏘나타 2.0 VVT  Y20 프리미어 고급형,https://www.bobaedream.co.kr/mycar/mycar_view.php?no=2231608&gubun=K,2010,239594,230
현대,쏘나타,쏘나타 더 브릴리언트 2.0  어트랙션,https://www.bobaedream.co.kr/mycar/mycar_view.php?no=2231579&gubun=K,2013,78230,820
현대,쏘나타,쏘나타 2.0  프리미엄,https://www.bobaedream.co.kr/mycar/mycar_view.php?no=2231583&gubun=K,2020,72744,1660
현대,쏘나타,쏘나타 DN8 2.0 인스퍼레이션,https://www.bobaedream.co.kr/mycar/mycar_view.php?no=2233300&gubun=K,2019,43833,2480
현대,쏘나타,쏘나타 DN8 1.6 터보  인스퍼레이션,https://www.bobaedream.co.kr/mycar/mycar_view.php?no=2233651&gubun=K,2023,9237,2990
현대,쏘나타,LF쏘나타 1.7 디젤 스마트,https://www.bobaedream.co.kr/mycar/mycar_view.php?no=2232982&gubun=K,2016,150223,579
현대,쏘나타,LF쏘나타 2.0 LPi 스마트,https://www.bobaedream.co.kr/mycar/mycar_view.php?no=2227644&gubun=K,2015,117000,699
현대,쏘나타,쏘나타 더 브릴리언트 2.0  프리미엄,https://www.bobaedream.co.kr/mycar/mycar_view.php?no=2230973&gubun=K,2013,147000,590
현대,쏘나타,LF쏘나타  1.7 디젤 스마트 스페셜,https://www.bobaedream.co.kr/mycar/mycar_view.php?no=2220223&gubun=K,2015,92411,1290
현대,쏘나타,YF쏘나타 2.0 VVT Y20 프라임 고급형,https://www.bobaedream.co.kr/mycar/mycar_view.php?no=2233694&gubun=K,2010,145280,299
현대,쏘나타,쏘나타 DN8  2.0 LPi  스마트,https://www.bobaedream.co.kr/mycar/mycar_view.php?no=2230644&gubun=K,2019,77729,1699
현대,쏘나타,쏘나타 1.6 터보 인스퍼레이션,https://www.bobaedream.co.kr/mycar/mycar_view.php?no=2228707&gubun=K,2022,14380,2780
현대,쏘나타,YF쏘나타 2.0 VVT  Y20 프리미어 고급형,https://www.bobaedream.co.kr/mycar/mycar_view.php?no=2232929&gubun=K,2010,185897,425
현대,아반떼,아반떼MD 1.6  M16 프리미어,https://www.bobaedream.co.kr/mycar/mycar_view.php?no=2223650&gubun=K,2011,228415,320
현대,아반떼,아반떼AD 1.6 모던 스페셜,https://www.bobaedream.co.kr/mycar/mycar_view.php?no=2223888&gubun=K,2016,132490,1010
현대,아반떼,아반떼MD  1.6 M16 스마트,https://www.bobaedream.co.kr/mycar/mycar_view.php?no=2233587&gubun=K,2013,151890,450
현대,아반떼,올 뉴 아반떼  1.6 터보 N 라인 모던,https://www.bobaedream.co.kr/mycar/mycar_view.php?no=2226414&gubun=K,2023,13030,2280
현대,아반떼,올 뉴 아반떼 1.6 모던,https://www.bobaedream.co.kr/mycar/mycar_view.php?no=2233637&gubun=K,2020,57000,1590
현대,아반떼,아반떼AD 1.6 스마트,https://www.bobaedream.co.kr/mycar/mycar_view.php?no=2229135&gubun=K,2016,115270,820
현대,아반떼,아반떼AD 1.6 스마트 스페셜,https://www.bobaedream.co.kr/mycar/mycar_view.php?no=2229975&gubun=K,2015,97124,770
현대,아반떼,아반떼AD 1.6 모던,https://www.bobaedream.co.kr/mycar/mycar_view.php?no=2232089&gubun=K,2016,112037,699
현대,아반떼,더 뉴 아반떼AD 1.6 스마트 초이스,https://www.bobaedream.co.kr/mycar/mycar_view.php?no=2232690&gubun=K,2018,102082,900
현대,아반떼,아반떼MD 1.6  M16 모던,https://www.bobaedream.co.kr/mycar/mycar_view.php?no=2233252&gubun=K,2012,121653,399
현대,아반떼,아반떼AD 1.6  밸류 플러스,https://www.bobaedream.co.kr/mycar/mycar_view.php?no=2233678&gubun=K,2018,74322,780
현대,아반떼,아반떼MD 1.6 M16 프리미엄,https://www.bobaedream.co.kr/mycar/mycar_view.php?no=2230444&gubun=K,2011,96385,379
현대,아반떼,올 뉴 아반떼  1.6 터보 N 라인 스포츠,https://www.bobaedream.co.kr/mycar/mycar_view.php?no=2231223&gubun=K,2022,19334,2050
현대,아반떼,아반떼MD 1.6  M16 럭셔리,https://www.bobaedream.co.kr/mycar/mycar_view.php?no=2231529&gubun=K,2012,80704,560
현대,아반떼,아반떼 N 2.0 터보,https://www.bobaedream.co.kr/mycar/mycar_view.php?no=2230885&gubun=K,2021,41875,2790
현대,아반떼,아반떼 N 2.0 터보,https://www.bobaedream.co.kr/mycar/mycar_view.php?no=2232904&gubun=K,2021,32371,2750
현대,아반떼,아반떼 N 2.0 터보,https://www.bobaedream.co.kr/mycar/mycar_view.php?no=2233140&gubun=K,2023,42970,2850
현대,아반떼,아반떼MD 1.6  M16 프리미어,https://www.bobaedream.co.kr/mycar/mycar_view.php?no=2233720&gubun=K,2012,97768,389
현대,아이오닉5,아이오닉5  롱레인지 프레스티지,https://www.bobaedream.co.kr/mycar/mycar_view.php?no=2232833&gubun=K,2021,27346,3750
현대,아이오닉6,아이오닉5 롱레인지  영업용,https://www.bobaedream.co.kr/mycar/mycar_view.php?no=2233105&gubun=K,2021,69303,2799
현대,아이오닉7,아이오닉5  롱레인지 프레스티지,https://www.bobaedream.co.kr/mycar/mycar_view.php?no=2227367&gubun=K,2021,112000,2900
현대,아이오닉8,아이오닉 5 N AWD,https://www.bobaedream.co.kr/mycar/mycar_view.php?no=2232881&gubun=K,2023,12500,6600
현대,아이오닉9,아이오닉5  롱레인지 프레스티지?,https://www.bobaedream.co.kr/mycar/mycar_view.php?no=2214555&gubun=K,2022,1600,5999
현대,에쿠스,에쿠스 4.5  VS 450,https://www.bobaedream.co.kr/mycar/mycar_view.php?no=2233729&gubun=K,2009,210998,399
현대,에쿠스,뉴 에쿠스 3.8 VS380 럭셔리,https://www.bobaedream.co.kr/mycar/mycar_view.php?no=2228204&gubun=K,2010,182146,399
현대,에쿠스,뉴 에쿠스 3.8 VS380 럭셔리,https://www.bobaedream.co.kr/mycar/mycar_view.php?no=2232481&gubun=K,2011,97582,470
현대,에쿠스,뉴 에쿠스  5.0 리무진 VL 500 프레스티지?,https://www.bobaedream.co.kr/mycar/mycar_view.php?no=2228569&gubun=K,2014,246968,1250
현대,에쿠스,뉴 에쿠스  5.0 리무진 VL 500 프레스티지,https://www.bobaedream.co.kr/mycar/mycar_view.php?no=2230599&gubun=K,2009,231719,1790
현대,에쿠스,뉴 에쿠스 3.8 VS380 프레스티지 VIP팩Ⅰ,https://www.bobaedream.co.kr/mycar/mycar_view.php?no=2231461&gubun=K,2015,141252,1950
현대,에쿠스,뉴 에쿠스 5.0 리무진 VL 500 프레스티지,https://www.bobaedream.co.kr/mycar/mycar_view.php?no=2233668&gubun=K,2013,221559,599
현대,에쿠스,뉴 에쿠스 5.0 VS500 프레스티지,https://www.bobaedream.co.kr/mycar/mycar_view.php?no=2228953&gubun=K,2011,226091,520
현대,에쿠스,뉴 에쿠스 3.8  VS380 모던,https://www.bobaedream.co.kr/mycar/mycar_view.php?no=2230154&gubun=K,2014,225345,770
현대,에쿠스,뉴 에쿠스  3.8 VS380 럭셔리,https://www.bobaedream.co.kr/mycar/mycar_view.php?no=2224825&gubun=K,2011,102000,930
현대,에쿠스,뉴 에쿠스 3.8 VS380 프레스티지 VIP팩Ⅰ,https://www.bobaedream.co.kr/mycar/mycar_view.php?no=2223189&gubun=K,2011,171547,675
현대,에쿠스,뉴 에쿠스  3.8 VS380 프레스티지,https://www.bobaedream.co.kr/mycar/mycar_view.php?no=2228527&gubun=K,2009,228763,475
현대,에쿠스,에쿠스 3.3  JS 330 럭셔리,https://www.bobaedream.co.kr/mycar/mycar_view.php?no=2233586&gubun=K,2006,186583,250
현대,에쿠스,뉴 에쿠스 3.8  VS380 프라임,https://www.bobaedream.co.kr/mycar/mycar_view.php?no=2231973&gubun=K,2011,320000,550
현대,에쿠스,뉴 에쿠스 3.8 VS380 럭셔리,https://www.bobaedream.co.kr/mycar/mycar_view.php?no=2232673&gubun=K,2012,186400,350
현대,에쿠스,뉴 에쿠스  3.8 리무진 VL 380 프레스티지,https://www.bobaedream.co.kr/mycar/mycar_view.php?no=2232399&gubun=K,2013,440500,800
현대,에쿠스,뉴 에쿠스 5.0 VS500 프레스티지,https://www.bobaedream.co.kr/mycar/mycar_view.php?no=2232485&gubun=K,2013,165000,1500
현대,에쿠스,뉴 에쿠스 3.8  VS380 프레스티지 VVIP팩,https://www.bobaedream.co.kr/mycar/mycar_view.php?no=2232210&gubun=K,2011,272000,900
현대,에쿠스,뉴 에쿠스  3.8 VS380 프리미엄,https://www.bobaedream.co.kr/mycar/mycar_view.php?no=2231303&gubun=K,2013,136000,1289
현대,에쿠스,뉴 에쿠스  5.0 리무진 VL 500 프레스티지,https://www.bobaedream.co.kr/mycar/mycar_view.php?no=2231302&gubun=K,2012,156000,850
현대,에쿠스,뉴 에쿠스  5.0 리무진 VL 500 프레스티지,https://www.bobaedream.co.kr/mycar/mycar_view.php?no=2228569&gubun=K,2014,246968,1250
현대,제네시스,제네시스  BH380 로얄 VIP 팩,https://www.bobaedream.co.kr/mycar/mycar_view.php?no=2225876&gubun=K,2011,147000,850
현대,제네시스,제네시스 DH  G330 AWD 프리미엄,https://www.bobaedream.co.kr/mycar/mycar_view.php?no=2231304&gubun=K,2014,72844,2050
현대,제네시스,제네시스  BH330 그랜드 프라임팩,https://www.bobaedream.co.kr/mycar/mycar_view.php?no=2230326&gubun=K,2011,215160,380
현대,제네시스,제네시스 DH G330 모던,https://www.bobaedream.co.kr/mycar/mycar_view.php?no=2224549&gubun=K,2014,199224,820
현대,제네시스,제네시스 DH G330 AWD 모던,https://www.bobaedream.co.kr/mycar/mycar_view.php?no=2231217&gubun=K,2015,91515,1120
현대,제네시스,제네시스 DH  G380 AWD 프레스티지,https://www.bobaedream.co.kr/mycar/mycar_view.php?no=2218590&gubun=K,2014,104918,2390
현대,제네시스,제네시스  BH380 로얄 VIP 팩,https://www.bobaedream.co.kr/mycar/mycar_view.php?no=2226780&gubun=K,2011,116135,850
현대,제네시스,제네시스 DH  G330 AWD 프리미엄,https://www.bobaedream.co.kr/mycar/mycar_view.php?no=2233428&gubun=K,2014,116563,2490
현대,제네시스,제네시스 BH380 로얄,https://www.bobaedream.co.kr/mycar/mycar_view.php?no=2225263&gubun=K,2008,135000,379
현대,제네시스,제네시스 BH330 그랜드,https://www.bobaedream.co.kr/mycar/mycar_view.php?no=2225853&gubun=K,2009,134000,379
현대,제네시스,제네시스 DH G330 AWD  프리미엄,https://www.bobaedream.co.kr/mycar/mycar_view.php?no=2231601&gubun=K,2014,167000,1100
현대,제네시스,제네시스 BH380  로얄,https://www.bobaedream.co.kr/mycar/mycar_view.php?no=2232961&gubun=K,2008,150000,499
현대,제네시스,제네시스 DH  G330 프리미엄,https://www.bobaedream.co.kr/mycar/mycar_view.php?no=2229302&gubun=K,2014,135769,1790
현대,제네시스,제네시스 DH G330 AWD 프리미엄,https://www.bobaedream.co.kr/mycar/mycar_view.php?no=2232905&gubun=K,2014,181761,1080
현대,제네시스,제네시스 BH330  럭셔리,https://www.bobaedream.co.kr/mycar/mycar_view.php?no=2231308&gubun=K,2012,254607,530
현대,제네시스,제네시스  BH330 그랜드 프라임팩,https://www.bobaedream.co.kr/mycar/mycar_view.php?no=2230414&gubun=K,2008,166032,345
현대,제네시스,제네시스 DH G330 모던,https://www.bobaedream.co.kr/mycar/mycar_view.php?no=2231544&gubun=K,2015,186095,1150
현대,제네시스,제네시스 DH  G380 AWD 프레스티지,https://www.bobaedream.co.kr/mycar/mycar_view.php?no=2231512&gubun=K,2014,203000,1490
현대,제네시스,제네시스  BH380 로얄 VIP 팩,https://www.bobaedream.co.kr/mycar/mycar_view.php?no=2225644&gubun=K,2009,186360,490
현대,제네시스,제네시스 DH G330 AWD  모던,https://www.bobaedream.co.kr/mycar/mycar_view.php?no=2233258&gubun=K,2014,230099,1050
현대,제네시스,제네시스 쿠페 2.0 터보 P,https://www.bobaedream.co.kr/mycar/mycar_view.php?no=2230793&gubun=K,2009,130949,279
현대,제네시스,제네시스 쿠페  2.0 터보 R,https://www.bobaedream.co.kr/mycar/mycar_view.php?no=2232376&gubun=K,2009,173992,550
현대,제네시스,더 뉴 제네시스 쿠페  2.0 터보 S,https://www.bobaedream.co.kr/mycar/mycar_view.php?no=2232204&gubun=K,2015,79000,1490
현대,제네시스,더 뉴 제네시스 쿠페  3.8 GT R,https://www.bobaedream.co.kr/mycar/mycar_view.php?no=2232127&gubun=K,2013,143000,1750
현대,제네시스,더 뉴 제네시스 쿠페 2.0 터보 D,https://www.bobaedream.co.kr/mycar/mycar_view.php?no=2230790&gubun=K,2013,118616,990
현대,제네시스,제네시스 쿠페  3.8 GT P,https://www.bobaedream.co.kr/mycar/mycar_view.php?no=2230848&gubun=K,2008,167000,1070
현대,제네시스,제네시스 쿠페 2.0 터보 P,https://www.bobaedream.co.kr/mycar/mycar_view.php?no=2225225&gubun=K,2010,78047,630
현대,제네시스,제네시스 쿠페  2.0 터보 P,https://www.bobaedream.co.kr/mycar/mycar_view.php?no=2230143&gubun=K,2010,169300,690
현대,제네시스,제네시스 쿠페  3.8 GT P,https://www.bobaedream.co.kr/mycar/mycar_view.php?no=2227354&gubun=K,2009,131870,890
현대,제네시스,제네시스 쿠페  3.8 GT R,https://www.bobaedream.co.kr/mycar/mycar_view.php?no=2227308&gubun=K,2009,150000,825
현대,카운티,e-카운티 캠핑카,https://www.bobaedream.co.kr/mycar/mycar_view.php?no=2224195&gubun=K,2010,264232,4650
현대,카운티,e-카운티 롱바디 39인승 어린이버스 디럭스,https://www.bobaedream.co.kr/mycar/mycar_view.php?no=2225202&gubun=K,2008,331017,890
현대,카운티,카운티 캠핑카,https://www.bobaedream.co.kr/mycar/mycar_view.php?no=2226225&gubun=K,2001,180000,3650
현대,카운티,카운티 캠핑카,https://www.bobaedream.co.kr/mycar/mycar_view.php?no=2226229&gubun=K,2003,180000,3999
현대,카운티,카운티 캠핑카,https://www.bobaedream.co.kr/mycar/mycar_view.php?no=2227729&gubun=K,2002,330000,3650
현대,카운티,e-카운티 롱바디  25인승 자가용 슈퍼,https://www.bobaedream.co.kr/mycar/mycar_view.php?no=2228483&gubun=K,2009,591134,1350
현대,카운티,뉴 카운티 장축 25인승 자가용 슈퍼,https://www.bobaedream.co.kr/mycar/mycar_view.php?no=2229188&gubun=K,2018,51000,5500
현대,카운티,e-카운티 롱바디  29인승 자가용 슈퍼,https://www.bobaedream.co.kr/mycar/mycar_view.php?no=2229700&gubun=K,2008,351169,1250
현대,카운티,뉴 카운티 장축 29인승 어린이버스 디럭스,https://www.bobaedream.co.kr/mycar/mycar_view.php?no=2230372&gubun=K,2020,40000,5790
현대,카운티,뉴 카운티  캠핑카,https://www.bobaedream.co.kr/mycar/mycar_view.php?no=2221016&gubun=K,2013,74000,5350
현대,카운티,뉴 카운티  캠핑카,https://www.bobaedream.co.kr/mycar/mycar_view.php?no=2212015&gubun=K,2015,345000,5880
현대,카운티,뉴 카운티  캠핑카,https://www.bobaedream.co.kr/mycar/mycar_view.php?no=2212016&gubun=K,2023,832,11980
현대,카운티,e-카운티  캠핑카,https://www.bobaedream.co.kr/mycar/mycar_view.php?no=2233190&gubun=K,2009,33194,4880
현대,카운티,뉴 카운티  캠핑카,https://www.bobaedream.co.kr/mycar/mycar_view.php?no=2222567&gubun=K,2013,190555,5980
현대,카운티,뉴 카운티  캠핑카,https://www.bobaedream.co.kr/mycar/mycar_view.php?no=2223738&gubun=K,2016,113668,6880
현대,카운티,e-카운티  캠핑카,https://www.bobaedream.co.kr/mycar/mycar_view.php?no=2230664&gubun=K,2010,143424,3680
현대,카운티,e-카운티  캠핑카,https://www.bobaedream.co.kr/mycar/mycar_view.php?no=2230806&gubun=K,2011,110420,4980
현대,카운티,e-카운티  캠핑카,https://www.bobaedream.co.kr/mycar/mycar_view.php?no=2233318&gubun=K,2011,301384,3580
현대,카운티,e-카운티  캠핑카,https://www.bobaedream.co.kr/mycar/mycar_view.php?no=2233320&gubun=K,2011,168555,5280
현대,카운티,e-카운티  캠핑카?,https://www.bobaedream.co.kr/mycar/mycar_view.php?no=2233190&gubun=K,2009,33194,4880
현대,카운티,e-카운티  캠핑카?,https://www.bobaedream.co.kr/mycar/mycar_view.php?no=2230664&gubun=K,2010,143424,3680
현대,카운티,e-카운티  캠핑카?,https://www.bobaedream.co.kr/mycar/mycar_view.php?no=2230806&gubun=K,2011,110420,4980
현대,카운티,e-카운티  캠핑카?,https://www.bobaedream.co.kr/mycar/mycar_view.php?no=2233318&gubun=K,2011,301384,3580
현대,카운티,e-카운티  캠핑카?,https://www.bobaedream.co.kr/mycar/mycar_view.php?no=2233320&gubun=K,2011,168555,5280
현대,캐스퍼,캐스퍼 1.0 디 에센셜,https://www.bobaedream.co.kr/mycar/mycar_view.php?no=2222678&gubun=K,2023,10000,526
현대,캐스퍼,캐스퍼 1.0 디 에센셜,https://www.bobaedream.co.kr/mycar/mycar_view.php?no=2232315&gubun=K,2023,6113,1570
현대,캐스퍼,캐스퍼 1.0  디 에센셜,https://www.bobaedream.co.kr/mycar/mycar_view.php?no=2233466&gubun=K,2024,362,1570
현대,캐스퍼,캐스퍼 1.0 터보  스마트,https://www.bobaedream.co.kr/mycar/mycar_view.php?no=2233660&gubun=K,2021,23000,1440
현대,캐스퍼,캐스퍼 1.0 디 에센셜,https://www.bobaedream.co.kr/mycar/mycar_view.php?no=2231861&gubun=K,2024,4140,1300
현대,캐스퍼,캐스퍼 1.0 터보  스마트,https://www.bobaedream.co.kr/mycar/mycar_view.php?no=2233111&gubun=K,2022,40000,1380
현대,캐스퍼,캐스퍼 1.0 터보 인스퍼레이션,https://www.bobaedream.co.kr/mycar/mycar_view.php?no=2233592&gubun=K,2024,524,1759
현대,코나,코나  1.6 가솔린 터보 2WD 모던 팝,https://www.bobaedream.co.kr/mycar/mycar_view.php?no=2226779&gubun=K,2018,36904,1490
현대,코나,코나 1.6 디젤 2WD 모던,https://www.bobaedream.co.kr/mycar/mycar_view.php?no=2228880&gubun=K,2018,134000,1050
현대,코나,코나 1.6 가솔린 터보 4WD  프리미엄,https://www.bobaedream.co.kr/mycar/mycar_view.php?no=2233619&gubun=K,2017,110000,1370
현대,코나,코나 일렉트릭  2WD 프리미엄,https://www.bobaedream.co.kr/mycar/mycar_view.php?no=2226049&gubun=K,2020,55389,2399
현대,코나,디 올 뉴 코나  1.6 가솔린 터보 2WD 인스퍼레이션,https://www.bobaedream.co.kr/mycar/mycar_view.php?no=2231960&gubun=K,2024,1990,3230
현대,코나,디 올 뉴 코나 하이브리드  1.6 터보 HEV 인스퍼레이션,https://www.bobaedream.co.kr/mycar/mycar_view.php?no=2230912&gubun=K,2024,5900,3390
현대,코나,디 올 뉴 코나  1.6 가솔린 터보 2WD 프리미엄,https://www.bobaedream.co.kr/mycar/mycar_view.php?no=2229310&gubun=K,2023,9858,1500
현대,코나,더 뉴 코나  1.6 가솔린 터보 2WD 모던,https://www.bobaedream.co.kr/mycar/mycar_view.php?no=2228633&gubun=K,2020,30000,1980
현대,코나,코나  1.6 가솔린 터보 4WD 프리미엄,https://www.bobaedream.co.kr/mycar/mycar_view.php?no=2223293&gubun=K,2018,11122,1690
현대,투싼,뉴 투싼ix 2.0 디젤 2WD 모던,https://www.bobaedream.co.kr/mycar/mycar_view.php?no=2232222&gubun=K,2013,99052,960
현대,투싼,투싼ix  2.0 디젤 4WD LX20 프리미어,https://www.bobaedream.co.kr/mycar/mycar_view.php?no=2229261&gubun=K,2012,114991,799
현대,투싼,올 뉴 투싼  1.7 디젤 2WD 모던,https://www.bobaedream.co.kr/mycar/mycar_view.php?no=2233120&gubun=K,2015,104000,1150
현대,투싼,뉴 투싼ix  2.0 디젤 2WD 모던,https://www.bobaedream.co.kr/mycar/mycar_view.php?no=2218914&gubun=K,2013,153890,882
현대,투싼,투싼ix 2.0 디젤 2WD LX20 럭셔리,https://www.bobaedream.co.kr/mycar/mycar_view.php?no=2231385&gubun=K,2012,128764,450
현대,투싼,올 뉴 투싼  2.0 디젤 4WD 모던,https://www.bobaedream.co.kr/mycar/mycar_view.php?no=2230339&gubun=K,2018,100674,1590
현대,투싼,뉴 투싼ix  2.0 디젤 2WD 모던,https://www.bobaedream.co.kr/mycar/mycar_view.php?no=2215227&gubun=K,2014,125182,990
현대,팰리세이드,팰리세이드 3.8 가솔린 4WD  프레스티지,https://www.bobaedream.co.kr/mycar/mycar_view.php?no=2233143&gubun=K,2020,35620,3399
현대,팰리세이드,팰리세이드  3.8 가솔린 4WD 프레스티지,https://www.bobaedream.co.kr/mycar/mycar_view.php?no=2232151&gubun=K,2019,59688,3280
현대,팰리세이드,팰리세이드  3.8 가솔린 4WD 프레스티지,https://www.bobaedream.co.kr/mycar/mycar_view.php?no=2233055&gubun=K,2019,65003,3180
현대,팰리세이드,팰리세이드  2.2 디젤 4WD 프레스티지,https://www.bobaedream.co.kr/mycar/mycar_view.php?no=2233325&gubun=K,2020,115146,3990
현대,팰리세이드,더 뉴 팰리세이드  2.2 디젤 4WD VIP,https://www.bobaedream.co.kr/mycar/mycar_view.php?no=2225807&gubun=K,2023,57193,5799
현대,팰리세이드,더 뉴 팰리세이드  3.8 가솔린 4WD 캘리그래피,https://www.bobaedream.co.kr/mycar/mycar_view.php?no=2232835&gubun=K,2022,22932,4799
현대,팰리세이드,팰리세이드 3.8 가솔린 2WD 프레스티지,https://www.bobaedream.co.kr/mycar/mycar_view.php?no=2229618&gubun=K,2019,51273,3070
현대,팰리세이드,팰리세이드 3.8 가솔린 2WD 프레스티지,https://www.bobaedream.co.kr/mycar/mycar_view.php?no=2229805&gubun=K,2020,58805,3210
현대,팰리세이드,팰리세이드 2.2 디젤 2WD  익스클루시브,https://www.bobaedream.co.kr/mycar/mycar_view.php?no=2231427&gubun=K,2019,70004,2680
현대,팰리세이드,팰리세이드  3.8 가솔린 4WD 프레스티지,https://www.bobaedream.co.kr/mycar/mycar_view.php?no=2220901&gubun=K,2021,9900,3300
현대,포터,포터2 CRDi 슈퍼캡 최고급형,https://www.bobaedream.co.kr/mycar/mycar_view.php?no=2231798&gubun=K,2016,141525,780
현대,포터,포터2  슈퍼캡 냉장탑차,https://www.bobaedream.co.kr/mycar/mycar_view.php?no=2232831&gubun=K,2017,208550,590
현대,포터,포터2  슈퍼캡 냉동탑차,https://www.bobaedream.co.kr/mycar/mycar_view.php?no=2232832&gubun=K,2018,192480,1390
현대,포터,포터2 CRDi 더블캡 초장축 스마트,https://www.bobaedream.co.kr/mycar/mycar_view.php?no=2225973&gubun=K,2021,76772,1540
현대,포터,포터2 CRDi 슈퍼캡 초장축 SUP 일반형,https://www.bobaedream.co.kr/mycar/mycar_view.php?no=2228760&gubun=K,2014,34160,600
현대,포터,포터2 CRDi 더블캡  초장축 SUP 고급형,https://www.bobaedream.co.kr/mycar/mycar_view.php?no=2229678&gubun=K,2015,223700,610
현대,포터,포터2 CRDi 더블캡 초장축 SUP 고급형,https://www.bobaedream.co.kr/mycar/mycar_view.php?no=2230144&gubun=K,2014,179201,530
현대,포터,포터2 CRDi 일반캡  초장축 프리미엄,https://www.bobaedream.co.kr/mycar/mycar_view.php?no=2230678&gubun=K,2024,7786,2190
현대,포터,포터2 CRDi 더블캡  초장축 SUP 고급형,https://www.bobaedream.co.kr/mycar/mycar_view.php?no=2230986&gubun=K,2015,236717,520
현대,포터,포터2 CRDi 일반캡 초장축 SUP,https://www.bobaedream.co.kr/mycar/mycar_view.php?no=2230987&gubun=K,2014,185070,560
현대,포터,포터2 CRDi 더블캡 초장축 SUP 고급형,https://www.bobaedream.co.kr/mycar/mycar_view.php?no=2230988&gubun=K,2015,161763,690
현대,포터,포터2 CRDi 슈퍼캡  초장축 SUP 일반형,https://www.bobaedream.co.kr/mycar/mycar_view.php?no=2232738&gubun=K,2016,177085,650
현대,포터,포터2 CRDi 더블캡  초장축 SUP 고급형,https://www.bobaedream.co.kr/mycar/mycar_view.php?no=2232739&gubun=K,2015,98223,750
현대,포터,포터2 CRDi 슈퍼캡 초장축 골드 고급형,https://www.bobaedream.co.kr/mycar/mycar_view.php?no=2227003&gubun=K,2015,182798,775
현대,포터,포터2 CRDi 슈퍼캡  초장축 하이-SUP 기본형,https://www.bobaedream.co.kr/mycar/mycar_view.php?no=2232910&gubun=K,2009,261442,380
현대,포터,포터2 슈퍼캡 내장탑차 스마트,https://www.bobaedream.co.kr/mycar/mycar_view.php?no=2232939&gubun=K,2019,160523,1080
현대,포터,포터2 윙바디,https://www.bobaedream.co.kr/mycar/mycar_view.php?no=2231136&gubun=K,2021,33957,2050
현대,포터,포터2  CRDi 슈퍼캡 초장축 프리미엄,https://www.bobaedream.co.kr/mycar/mycar_view.php?no=2233365&gubun=K,2021,15000,1795
현대,포터,포터2  파워게이트,https://www.bobaedream.co.kr/mycar/mycar_view.php?no=2228722&gubun=K,2015,150000,780
현대,포터,포터2  내장탑차,https://www.bobaedream.co.kr/mycar/mycar_view.php?no=2229006&gubun=K,2014,232000,570
제네시스,G70,G70  2.0 터보 AWD 스포츠 팩,https://www.bobaedream.co.kr/mycar/mycar_view.php?no=2228252&gubun=K,2019,65000,2950
제네시스,G70,G70 2.0 터보 AWD 슈프림,https://www.bobaedream.co.kr/mycar/mycar_view.php?no=2228834&gubun=K,2018,102742,1920
제네시스,G70,G70  2.0 터보 스포츠팩,https://www.bobaedream.co.kr/mycar/mycar_view.php?no=2227235&gubun=K,2018,117101,2050
제네시스,G70,G70  2.0 터보 스포츠팩,https://www.bobaedream.co.kr/mycar/mycar_view.php?no=2232473&gubun=K,2019,108590,2490
제네시스,G70,G70  3.3 터보 AWD 스포츠 프레스티지,https://www.bobaedream.co.kr/mycar/mycar_view.php?no=2233710&gubun=K,2019,147466,2590
제네시스,G70,더 뉴 G70 2.0 터보 스포츠 팩,https://www.bobaedream.co.kr/mycar/mycar_view.php?no=2232927&gubun=K,2021,35094,3890
제네시스,G70,더 뉴 G70 슈팅브레이크 2.0 터보 AWD 스포츠 팩,https://www.bobaedream.co.kr/mycar/mycar_view.php?no=2233308&gubun=K,2023,2356,4499
제네시스,G70,G70 2.0 터보 AWD 스포츠 팩,https://www.bobaedream.co.kr/mycar/mycar_view.php?no=2231846&gubun=K,2018,52300,2599
제네시스,G70,더 뉴 G70 2.0 터보 스포츠 팩,https://www.bobaedream.co.kr/mycar/mycar_view.php?no=2229662&gubun=K,2021,14967,3700
제네시스,G70,G70  3.3 터보 AWD 스포츠 프레스티지,https://www.bobaedream.co.kr/mycar/mycar_view.php?no=2232817&gubun=K,2019,123782,2790
제네시스,G70,G70  3.3 터보 AWD 스포츠 프레스티지,https://www.bobaedream.co.kr/mycar/mycar_view.php?no=2233375&gubun=K,2019,151167,2790
제네시스,G70,G70  3.3 터보 AWD 스포츠 프레스티지,https://www.bobaedream.co.kr/mycar/mycar_view.php?no=2231388&gubun=K,2019,111287,2950
제네시스,G70,G70 2.0 터보 AWD  스포츠 팩,https://www.bobaedream.co.kr/mycar/mycar_view.php?no=2233616&gubun=K,2017,148000,1570
제네시스,G70,더 뉴 G70 2.0 터보 스포츠 팩,https://www.bobaedream.co.kr/mycar/mycar_view.php?no=2232596&gubun=K,2022,29823,4330
제네시스,G70,G70 2.0 터보 슈프림,https://www.bobaedream.co.kr/mycar/mycar_view.php?no=2232682&gubun=K,2017,118595,2090
제네시스,G70,더 뉴 G70 2.0 터보 스포츠 팩,https://www.bobaedream.co.kr/mycar/mycar_view.php?no=2232720&gubun=K,2021,39400,3730
제네시스,G70,G70 3.3 터보 AWD  스포츠 프레스티지,https://www.bobaedream.co.kr/mycar/mycar_view.php?no=2232797&gubun=K,2019,57643,3450
제네시스,G70,더 뉴 G70 2.0 터보,https://www.bobaedream.co.kr/mycar/mycar_view.php?no=2232868&gubun=K,2020,32006,3690
제네시스,G70,더 뉴 G70 2.0 터보 AWD,https://www.bobaedream.co.kr/mycar/mycar_view.php?no=2233208&gubun=K,2022,20458,4030
제네시스,G70,G70 2.0 터보 스포츠팩,https://www.bobaedream.co.kr/mycar/mycar_view.php?no=2233331&gubun=K,2018,70492,2750
제네시스,G80,더 올 뉴 G80  2.5 터보 AWD,https://www.bobaedream.co.kr/mycar/mycar_view.php?no=2232884&gubun=K,2021,96436,3990
제네시스,G80,G80 3.3 럭셔리,https://www.bobaedream.co.kr/mycar/mycar_view.php?no=2226386&gubun=K,2017,100179,1470
제네시스,G80,G80 3.3 프리미엄 럭셔리,https://www.bobaedream.co.kr/mycar/mycar_view.php?no=2231917&gubun=K,2016,124035,1760
제네시스,G80,더 올 뉴 G80 2.5 터보 AWD,https://www.bobaedream.co.kr/mycar/mycar_view.php?no=2233684&gubun=K,2023,44322,5250
제네시스,G80,더 올 뉴 G80 3.5 터보 AWD,https://www.bobaedream.co.kr/mycar/mycar_view.php?no=2231049&gubun=K,2022,34310,6199
제네시스,G80,더 올 뉴 G80 2.5 터보 AWD,https://www.bobaedream.co.kr/mycar/mycar_view.php?no=2230420&gubun=K,2022,13048,5530
제네시스,G80,더 올 뉴 G80 2.5 터보 스포츠팩,https://www.bobaedream.co.kr/mycar/mycar_view.php?no=2230450&gubun=K,2023,11536,6500
제네시스,G80,더 올 뉴 G80 2.5 터보 AWD,https://www.bobaedream.co.kr/mycar/mycar_view.php?no=2230600&gubun=K,2022,29773,4950
제네시스,G80,더 올 뉴 G80 2.5 터보 AWD,https://www.bobaedream.co.kr/mycar/mycar_view.php?no=2233346&gubun=K,2020,64685,3899
제네시스,G80,더 올 뉴 G80 2.5 터보,https://www.bobaedream.co.kr/mycar/mycar_view.php?no=2231071&gubun=K,2020,75940,4590
제네시스,G80,더 올 뉴 G80 2.5 터보 AWD,https://www.bobaedream.co.kr/mycar/mycar_view.php?no=2231192&gubun=K,2022,16000,5260
제네시스,G80,더 올 뉴 G80 2.5 터보,https://www.bobaedream.co.kr/mycar/mycar_view.php?no=2231236&gubun=K,2020,66781,4290
제네시스,G80,더 올 뉴 G80 3.5 터보,https://www.bobaedream.co.kr/mycar/mycar_view.php?no=2231268&gubun=K,2021,27600,4570
제네시스,G80,더 올 뉴 G80 2.5 터보,https://www.bobaedream.co.kr/mycar/mycar_view.php?no=2231294&gubun=K,2023,20567,5850
제네시스,G80,더 올 뉴 G80 2.5 터보,https://www.bobaedream.co.kr/mycar/mycar_view.php?no=2231300&gubun=K,2022,99999,5690
제네시스,G80,더 올 뉴 G80 2.5 터보 AWD,https://www.bobaedream.co.kr/mycar/mycar_view.php?no=2231402&gubun=K,2022,44513,4840
제네시스,G80,더 올 뉴 G80  3.5 터보 AWD,https://www.bobaedream.co.kr/mycar/mycar_view.php?no=2232884&gubun=K,2021,96436,3990
제네시스,G90,G90 2세대  3.5 터보 AWD 프레스티지 컬렉션,https://www.bobaedream.co.kr/mycar/mycar_view.php?no=2229138&gubun=K,2022,34000,2200
제네시스,G90,G90 2세대 3.5 터보 AWD,https://www.bobaedream.co.kr/mycar/mycar_view.php?no=2233711&gubun=K,2023,19157,8899
제네시스,G90,G90 2세대 3.5 터보 AWD 프레스티지 컬렉션,https://www.bobaedream.co.kr/mycar/mycar_view.php?no=2232457&gubun=K,2022,14214,9750
제네시스,G90,G90 2세대 3.5 터보 AWD,https://www.bobaedream.co.kr/mycar/mycar_view.php?no=2232566&gubun=K,2022,47075,6990
제네시스,G90,G90 2세대 3.5 터보 AWD  프리미엄 컬렉션,https://www.bobaedream.co.kr/mycar/mycar_view.php?no=2233184&gubun=K,2022,47121,8980
제네시스,G90,G90 2세대 3.5 터보 AWD,https://www.bobaedream.co.kr/mycar/mycar_view.php?no=2233498&gubun=K,2022,3651,8690
제네시스,G90,G90 2세대 3.5 터보 AWD  프리미엄 컬렉션,https://www.bobaedream.co.kr/mycar/mycar_view.php?no=2233659&gubun=K,2023,27500,8850
제네시스,G90,G90 2세대 3.5 터보 AWD 프레스티지 컬렉션,https://www.bobaedream.co.kr/mycar/mycar_view.php?no=2227804&gubun=K,2022,48940,9300
제네시스,G90,G90 2세대 3.5 터보 AWD,https://www.bobaedream.co.kr/mycar/mycar_view.php?no=2217568&gubun=K,2022,54836,1030
제네시스,G90,G90 1세대 3.8 AWD 프레스티지,https://www.bobaedream.co.kr/mycar/mycar_view.php?no=2228282&gubun=K,2021,54060,5700
제네시스,G90,G90 1세대 5.0 AWD 프레스티지,https://www.bobaedream.co.kr/mycar/mycar_view.php?no=2228279&gubun=K,2020,35739,5550
제네시스,G90,G90 1세대 3.3 터보 AWD 프레스티지,https://www.bobaedream.co.kr/mycar/mycar_view.php?no=2232066&gubun=K,2021,20919,7150
제네시스,G90,G90 1세대 3.8 럭셔리,https://www.bobaedream.co.kr/mycar/mycar_view.php?no=2205990&gubun=K,2019,96923,3990
제네시스,G90,G90 1세대 5.0 AWD 프레스티지,https://www.bobaedream.co.kr/mycar/mycar_view.php?no=2212843&gubun=K,2020,93430,4999
제네시스,G90,G90 1세대 3.8 럭셔리,https://www.bobaedream.co.kr/mycar/mycar_view.php?no=2207689&gubun=K,2019,78454,4290
제네시스,G90,G90 1세대 5.0 AWD 프레스티지,https://www.bobaedream.co.kr/mycar/mycar_view.php?no=2222136&gubun=K,2021,44375,6290
제네시스,GV70,GV70 2.5 터보 AWD,https://www.bobaedream.co.kr/mycar/mycar_view.php?no=2226244&gubun=K,2023,6000,400
제네시스,GV70,GV70  2.5 터보 AWD,https://www.bobaedream.co.kr/mycar/mycar_view.php?no=2233053&gubun=K,2022,20331,5090
제네시스,GV70,GV70 2.2 디젤,https://www.bobaedream.co.kr/mycar/mycar_view.php?no=2233712&gubun=K,2022,42035,4750
제네시스,GV70,GV70 2.5 터보 AWD,https://www.bobaedream.co.kr/mycar/mycar_view.php?no=2233692&gubun=K,2022,18149,5170
제네시스,GV70,GV70 2.5 터보 AWD,https://www.bobaedream.co.kr/mycar/mycar_view.php?no=2231293&gubun=K,2022,17412,5150
제네시스,GV70,GV70 3.5 터보 AWD 스포츠,https://www.bobaedream.co.kr/mycar/mycar_view.php?no=2230274&gubun=K,2021,39537,5380
제네시스,GV70,GV70 2.5 터보 AWD,https://www.bobaedream.co.kr/mycar/mycar_view.php?no=2230353&gubun=K,2022,300907,5250
제네시스,GV70,GV70 2.5 터보 AWD 스포츠,https://www.bobaedream.co.kr/mycar/mycar_view.php?no=2230890&gubun=K,2022,39726,5050
제네시스,GV70,GV70 2.5 터보,https://www.bobaedream.co.kr/mycar/mycar_view.php?no=2230935&gubun=K,2022,13428,5099
제네시스,GV70,GV70 3.5 터보 AWD,https://www.bobaedream.co.kr/mycar/mycar_view.php?no=2231713&gubun=K,2021,19458,5150
제네시스,GV70,GV70 2.5 터보 AWD,https://www.bobaedream.co.kr/mycar/mycar_view.php?no=2232356&gubun=K,2022,41983,4840
제네시스,GV70,GV70 2.5 터보 AWD,https://www.bobaedream.co.kr/mycar/mycar_view.php?no=2232459&gubun=K,2022,12756,5170
제네시스,GV70,GV70 2.5 터보 AWD,https://www.bobaedream.co.kr/mycar/mycar_view.php?no=2232842&gubun=K,2021,20724,4890
제네시스,GV70,GV70 3.5 터보 AWD 스포츠,https://www.bobaedream.co.kr/mycar/mycar_view.php?no=2232850&gubun=K,2022,40597,5950
제네시스,GV70,GV70 2.5 터보 AWD,https://www.bobaedream.co.kr/mycar/mycar_view.php?no=2232846&gubun=K,2022,19916,5980
제네시스,GV70,GV70 3.5 터보 AWD,https://www.bobaedream.co.kr/mycar/mycar_view.php?no=2233178&gubun=K,2022,56566,5150
제네시스,GV70,GV70 2.5 터보 AWD,https://www.bobaedream.co.kr/mycar/mycar_view.php?no=2233357&gubun=K,2021,20206,4900
제네시스,GV70,GV70 3.5 터보 AWD  스포츠,https://www.bobaedream.co.kr/mycar/mycar_view.php?no=2233505&gubun=K,2022,12293,5750
제네시스,GV70,GV70 2.5 터보  스포츠,https://www.bobaedream.co.kr/mycar/mycar_view.php?no=2233584&gubun=K,2021,17103,4570
제네시스,GV70,GV70 2.5 터보 AWD,https://www.bobaedream.co.kr/mycar/mycar_view.php?no=2233617&gubun=K,2021,26047,5300
제네시스,GV70,GV70  2.5 터보 AWD?,https://www.bobaedream.co.kr/mycar/mycar_view.php?no=2233053&gubun=K,2022,20331,5090
제네시스,GV80,GV80  2.5 터보 AWD 5인승,https://www.bobaedream.co.kr/mycar/mycar_view.php?no=2233054&gubun=K,2022,38225,5990
제네시스,GV80,GV80 2.5 터보  5인승,https://www.bobaedream.co.kr/mycar/mycar_view.php?no=2233722&gubun=K,2020,26483,5080
제네시스,GV80,GV80 2.5 터보 AWD 5인승,https://www.bobaedream.co.kr/mycar/mycar_view.php?no=2233685&gubun=K,2020,79789,4799
제네시스,GV80,GV80 2.5 터보 AWD 5인승,https://www.bobaedream.co.kr/mycar/mycar_view.php?no=2233686&gubun=K,2023,4744,6980
제네시스,GV80,GV80 2.5 터보 AWD 5인승,https://www.bobaedream.co.kr/mycar/mycar_view.php?no=2230596&gubun=K,2021,37996,6450
제네시스,GV80,GV80 3.5 터보 AWD  5인승,https://www.bobaedream.co.kr/mycar/mycar_view.php?no=2231898&gubun=K,2020,48724,6300
제네시스,GV80,GV80 2.5 터보 AWD 5인승,https://www.bobaedream.co.kr/mycar/mycar_view.php?no=2230861&gubun=K,2021,28368,6099
제네시스,GV80,GV80 3.5 터보 AWD 5인승,https://www.bobaedream.co.kr/mycar/mycar_view.php?no=2231480&gubun=K,2022,49205,6950
제네시스,GV80,GV80 2.5 터보 5인승,https://www.bobaedream.co.kr/mycar/mycar_view.php?no=2231748&gubun=K,2020,86708,4999
제네시스,GV80,GV80 3.5 터보 AWD 5인승,https://www.bobaedream.co.kr/mycar/mycar_view.php?no=2231808&gubun=K,2020,23614,6390
제네시스,GV80,GV80 3.0 디젤 AWD 5인승,https://www.bobaedream.co.kr/mycar/mycar_view.php?no=2231937&gubun=K,2020,33121,5900
제네시스,GV80,GV80  3.0 디젤 AWD 5인승,https://www.bobaedream.co.kr/mycar/mycar_view.php?no=2230145&gubun=K,2020,49988,5350
제네시스,EQ900,EQ900 3.8  럭셔리,https://www.bobaedream.co.kr/mycar/mycar_view.php?no=2233618&gubun=K,2017,146000,1820
제네시스,EQ900,EQ900 3.8 AWD  프리미엄 럭셔리,https://www.bobaedream.co.kr/mycar/mycar_view.php?no=2233159&gubun=K,2017,156946,2790
제네시스,EQ900,EQ900 3.8 AWD  프리미엄 럭셔리,https://www.bobaedream.co.kr/mycar/mycar_view.php?no=2233543&gubun=K,2017,56853,3150
제네시스,EQ900,EQ900 3.8 럭셔리,https://www.bobaedream.co.kr/mycar/mycar_view.php?no=2229015&gubun=K,2018,56747,3050
제네시스,EQ900,EQ900 3.8 AWD 프리미엄 럭셔리,https://www.bobaedream.co.kr/mycar/mycar_view.php?no=2229312&gubun=K,2016,108816,2690
제네시스,EQ900,EQ900 3.3 터보 AWD 프레스티지,https://www.bobaedream.co.kr/mycar/mycar_view.php?no=2231131&gubun=K,2016,147363,2750
제네시스,EQ900,EQ900  3.8 AWD 럭셔리,https://www.bobaedream.co.kr/mycar/mycar_view.php?no=2231164&gubun=K,2017,203603,1695
제네시스,EQ900,EQ900  3.3 터보 AWD 프리미엄 럭셔리,https://www.bobaedream.co.kr/mycar/mycar_view.php?no=2233297&gubun=K,2016,211690,1750
제네시스,EQ900,EQ900 3.8  럭셔리,https://www.bobaedream.co.kr/mycar/mycar_view.php?no=2233625&gubun=K,2016,199652,1699
제네시스,EQ900,EQ900 3.8 AWD  프리미엄 럭셔리,https://www.bobaedream.co.kr/mycar/mycar_view.php?no=2233640&gubun=K,2016,140000,2490
제네시스,EQ900,EQ900  3.3 터보 럭셔리,https://www.bobaedream.co.kr/mycar/mycar_view.php?no=2228520&gubun=K,2016,136000,1980
제네시스,EQ900,EQ900 5.0 AWD  프레스티지?,https://www.bobaedream.co.kr/mycar/mycar_view.php?no=2232618&gubun=K,2016,109105,3500
제네시스,EQ900,EQ900  3.8 럭셔리,https://www.bobaedream.co.kr/mycar/mycar_view.php?no=2229462&gubun=K,2016,207000,2270
기아,EV6,EV6 롱 레인지 AWD  에어,https://www.bobaedream.co.kr/mycar/mycar_view.php?no=2233103&gubun=K,2022,94456,3050
기아,EV6,EV6 롱 레인지 AWD 어스,https://www.bobaedream.co.kr/mycar/mycar_view.php?no=2232381&gubun=K,2023,20100,3800
기아,EV6,EV6 롱 레인지 AWD GT 라인,https://www.bobaedream.co.kr/mycar/mycar_view.php?no=2233382&gubun=K,2023,25500,3850
기아,EV6,EV6 롱 레인지 AWD 어스,https://www.bobaedream.co.kr/mycar/mycar_view.php?no=2232141&gubun=K,2022,15000,3800
기아,EV6,EV6  GT AWD -???,https://www.bobaedream.co.kr/mycar/mycar_view.php?no=2195002&gubun=K,2022,7500,4900
기아,K3,K3 1.6  럭셔리,https://www.bobaedream.co.kr/mycar/mycar_view.php?no=2232174&gubun=K,2015,128098,599
기아,K3,K3 1.6 디젤  럭셔리,https://www.bobaedream.co.kr/mycar/mycar_view.php?no=2232778&gubun=K,2014,174831,499
기아,K3,더 뉴 K3 1.6 프레스티지 스페셜,https://www.bobaedream.co.kr/mycar/mycar_view.php?no=2229502&gubun=K,2016,77371,700
기아,K3,더 뉴 K3 1.6 프레스티지,https://www.bobaedream.co.kr/mycar/mycar_view.php?no=2232281&gubun=K,2017,100515,680
기아,K3,K3 1.6  프레스티지,https://www.bobaedream.co.kr/mycar/mycar_view.php?no=2233205&gubun=K,2013,50734,599
기아,K3,올 뉴 K3 1.6 프레스티지,https://www.bobaedream.co.kr/mycar/mycar_view.php?no=2233549&gubun=K,2019,69532,1050
기아,K3,올 뉴 K3 1.6 프레스티지,https://www.bobaedream.co.kr/mycar/mycar_view.php?no=2225527&gubun=K,2018,68643,1440
기아,K3,K3 1.6 프레스티지,https://www.bobaedream.co.kr/mycar/mycar_view.php?no=2229035&gubun=K,2013,126253,660
기아,K3,K3 1.6 럭셔리,https://www.bobaedream.co.kr/mycar/mycar_view.php?no=2232359&gubun=K,2015,78448,700
기아,K3,더 뉴 K3 1.6  디럭스,https://www.bobaedream.co.kr/mycar/mycar_view.php?no=2230582&gubun=K,2017,51000,629
기아,K3,K3 1.6  프레스티지,https://www.bobaedream.co.kr/mycar/mycar_view.php?no=2230549&gubun=K,2012,101000,379
기아,K3,올 뉴 K3 1.6  럭셔리,https://www.bobaedream.co.kr/mycar/mycar_view.php?no=2233291&gubun=K,2018,58400,1380
기아,K3,올 뉴 K3  1.6 시그니처???,https://www.bobaedream.co.kr/mycar/mycar_view.php?no=2231289&gubun=K,2020,54848,1590
기아,K3,더 뉴 K3  1.6 디젤 프레스티지,https://www.bobaedream.co.kr/mycar/mycar_view.php?no=2230716&gubun=K,2016,118499,470
기아,K3,K3 쿱 1.6 터보 노블레스,https://www.bobaedream.co.kr/mycar/mycar_view.php?no=2224645&gubun=K,2014,185002,380
기아,K5,K5 2세대  2.0 SX 프레스티지???,https://www.bobaedream.co.kr/mycar/mycar_view.php?no=2229690&gubun=K,2015,107929,1230
기아,K5,K5 하이브리드 2.0 HEV 500H 노블레스,https://www.bobaedream.co.kr/mycar/mycar_view.php?no=2233411&gubun=K,2015,38752,1300
기아,K5,더 뉴 K5 2.0  프레스티지,https://www.bobaedream.co.kr/mycar/mycar_view.php?no=2232709&gubun=K,2013,153614,750
기아,K5,더 뉴 K5 2.0  트렌디,https://www.bobaedream.co.kr/mycar/mycar_view.php?no=2232711&gubun=K,2013,159637,750
기아,K5,K5 2.0 프레스티지,https://www.bobaedream.co.kr/mycar/mycar_view.php?no=2233341&gubun=K,2012,127800,549
기아,K5,K5 2세대  2.0 SX 프레스티지???,https://www.bobaedream.co.kr/mycar/mycar_view.php?no=2227959&gubun=K,2017,41161,1490
기아,K5,K5 2세대 1.7 디젤 SX 프레스티지,https://www.bobaedream.co.kr/mycar/mycar_view.php?no=2226574&gubun=K,2015,104990,750
기아,K5,K5 3세대 2.0 노블레스,https://www.bobaedream.co.kr/mycar/mycar_view.php?no=2231220&gubun=K,2020,82671,1740
기아,K5,K5 3세대 2.0  노블레스,https://www.bobaedream.co.kr/mycar/mycar_view.php?no=2232816&gubun=K,2020,69765,1799
기아,K5,K5 하이브리드 2.0 HEV  노블레스,https://www.bobaedream.co.kr/mycar/mycar_view.php?no=2230270&gubun=K,2011,155610,479
기아,K5,K5 2세대  1.6 터보 SX 노블레스???,https://www.bobaedream.co.kr/mycar/mycar_view.php?no=2228768&gubun=K,2015,86684,1370
기아,K5,더 뉴 K5  2.0 럭셔리 트렌디???,https://www.bobaedream.co.kr/mycar/mycar_view.php?no=2230956&gubun=K,2013,93343,890
기아,K5,K5 3세대 2.0 시그니처,https://www.bobaedream.co.kr/mycar/mycar_view.php?no=2230942&gubun=K,2022,15460,2850
기아,K5,K5 2세대 2.0 MX 스타일 에디션,https://www.bobaedream.co.kr/mycar/mycar_view.php?no=2233047&gubun=K,2017,119900,899
기아,K5,K5 3세대 2.0  노블레스,https://www.bobaedream.co.kr/mycar/mycar_view.php?no=2233525&gubun=K,2020,48778,2390
기아,K5,K5 3세대 2.0  프레스티지,https://www.bobaedream.co.kr/mycar/mycar_view.php?no=2233578&gubun=K,2021,24207,2220
기아,K5,K5 2세대 2.0 LPi MX 럭셔리,https://www.bobaedream.co.kr/mycar/mycar_view.php?no=2232985&gubun=K,2015,163226,579
기아,K7,더 뉴 K7  2.4 프레스티지???,https://www.bobaedream.co.kr/mycar/mycar_view.php?no=2225629&gubun=K,2015,106000,990
기아,K7,올 뉴 K7 2.4  프레스티지,https://www.bobaedream.co.kr/mycar/mycar_view.php?no=2228800&gubun=K,2016,56980,1520
기아,K7,올 뉴 K7 3.0 LPi 럭셔리,https://www.bobaedream.co.kr/mycar/mycar_view.php?no=2222664&gubun=K,2016,168904,920
기아,K7,올 뉴 K7 2.4 리미티드,https://www.bobaedream.co.kr/mycar/mycar_view.php?no=2220399&gubun=K,2017,115735,1350
기아,K7,올 뉴 K7 2.4 프레스티지,https://www.bobaedream.co.kr/mycar/mycar_view.php?no=2225719&gubun=K,2016,92273,1070
기아,K7,K7 프리미어 2.5  노블레스,https://www.bobaedream.co.kr/mycar/mycar_view.php?no=2232815&gubun=K,2019,59366,2050
기아,K7,올 뉴 K7 2.4  프레스티지,https://www.bobaedream.co.kr/mycar/mycar_view.php?no=2231593&gubun=K,2016,99453,1350
기아,K7,K7 프리미어 2.5 노블레스,https://www.bobaedream.co.kr/mycar/mycar_view.php?no=2233687&gubun=K,2019,39462,2350
기아,K7,올 뉴 K7 2.4 노블레스,https://www.bobaedream.co.kr/mycar/mycar_view.php?no=2233219&gubun=K,2019,53974,1849
기아,K7,올 뉴 K7 하이브리드 2.4 HEV 노블레스 스페셜,https://www.bobaedream.co.kr/mycar/mycar_view.php?no=2218834&gubun=K,2019,49578,2470
기아,K7,K7 프리미어 하이브리드  2.4 HEV 시그니처???,https://www.bobaedream.co.kr/mycar/mycar_view.php?no=2230822&gubun=K,2020,62842,3250
기아,K7,K7 프리미어  2.5 노블레스???,https://www.bobaedream.co.kr/mycar/mycar_view.php?no=2233326&gubun=K,2019,97361,2580
기아,K7,더 프레스티지 K7 2.4 프레스티지,https://www.bobaedream.co.kr/mycar/mycar_view.php?no=2224443&gubun=K,2012,167000,399
기아,K7,더 뉴 K7 2.4 프레스티지 스페셜,https://www.bobaedream.co.kr/mycar/mycar_view.php?no=2226655&gubun=K,2012,126000,540
기아,K7,더 프레스티지 K7 3.0 LPi 디럭스,https://www.bobaedream.co.kr/mycar/mycar_view.php?no=2227133&gubun=K,2011,215742,350
기아,K7,K7 프리미어 2.5 프레스티지,https://www.bobaedream.co.kr/mycar/mycar_view.php?no=2224047&gubun=K,2019,47735,1970
기아,K7,올 뉴 K7 2.4 프레스티지,https://www.bobaedream.co.kr/mycar/mycar_view.php?no=2230977&gubun=K,2017,126000,990
기아,K7,올 뉴 K7 3.0 LPi  럭셔리,https://www.bobaedream.co.kr/mycar/mycar_view.php?no=2231477&gubun=K,2016,154000,1150
기아,K7,올 뉴 K7 2.4  프레스티지,https://www.bobaedream.co.kr/mycar/mycar_view.php?no=2232332&gubun=K,2016,158000,980
기아,K7,올 뉴 K7 3.0 LPi  럭셔리,https://www.bobaedream.co.kr/mycar/mycar_view.php?no=2233610&gubun=K,2016,132000,1060
기아,K8,K8 하이브리드 1.6 터보 HEV 시그니처,https://www.bobaedream.co.kr/mycar/mycar_view.php?no=2233643&gubun=K,2022,23000,4000
기아,K8,K8  3.5 시그니처??,https://www.bobaedream.co.kr/mycar/mycar_view.php?no=2233649&gubun=K,2023,24075,3699
기아,K8,K8 하이브리드  1.6 터보 HEV 시그니처,https://www.bobaedream.co.kr/mycar/mycar_view.php?no=2233008&gubun=K,2022,31000,4080
기아,K8,K8 하이브리드 1.6 터보 HEV  시그니처 스페셜,https://www.bobaedream.co.kr/mycar/mycar_view.php?no=2233405&gubun=K,2021,46000,4500
기아,K9,K9  3.8 프레지던트???,https://www.bobaedream.co.kr/mycar/mycar_view.php?no=2228272&gubun=K,2012,159000,1390
기아,K9,K9  3.3 프레스티지,https://www.bobaedream.co.kr/mycar/mycar_view.php?no=2231228&gubun=K,2012,195620,670
기아,K9,더 K9 3.3,https://www.bobaedream.co.kr/mycar/mycar_view.php?no=2233122&gubun=K,2018,91529,2499
기아,K9,더 K9  3.3 터보 AWD 마스터즈Ⅱ???,https://www.bobaedream.co.kr/mycar/mycar_view.php?no=2233644&gubun=K,2019,64686,3650
기아,K9,더 뉴 K9 3.3  이그제큐티브,https://www.bobaedream.co.kr/mycar/mycar_view.php?no=2233611&gubun=K,2015,155000,1230
기아,K9,더 뉴 K9  3.8 AWD 베스트 셀렉션 I???,https://www.bobaedream.co.kr/mycar/mycar_view.php?no=2220596&gubun=K,2021,76041,4599
기아,K9,더 K9  3.8 AWD 베스트 셀렉션Ⅰ??,https://www.bobaedream.co.kr/mycar/mycar_view.php?no=2230007&gubun=K,2020,82920,2999
기아,K9,더 K9  3.8 AWD 그랜드 플래티넘???,https://www.bobaedream.co.kr/mycar/mycar_view.php?no=2232834&gubun=K,2021,58530,3999
기아,K9,더 뉴 K9 3.8 AWD 베스트 셀렉션 II,https://www.bobaedream.co.kr/mycar/mycar_view.php?no=2232805&gubun=K,2022,26994,5450
기아,K9,더 뉴 K9 3.8 AWD  베스트 셀렉션 I,https://www.bobaedream.co.kr/mycar/mycar_view.php?no=2233010&gubun=K,2022,20670,4550
기아,K9,더 뉴 K9 3.3  이그제큐티브,https://www.bobaedream.co.kr/mycar/mycar_view.php?no=2233139&gubun=K,2015,133866,1400
기아,K9,더 뉴 K9 3.3 터보 AWD  베스트 셀렉션 I,https://www.bobaedream.co.kr/mycar/mycar_view.php?no=2233393&gubun=K,2022,43250,4599
기아,K9,더 뉴 K9 3.8 AWD 베스트 셀렉션 II,https://www.bobaedream.co.kr/mycar/mycar_view.php?no=2232147&gubun=K,2022,8650,6180
기아,K9,더 뉴 K9 3.8 AWD 베스트 셀렉션 I,https://www.bobaedream.co.kr/mycar/mycar_view.php?no=2233338&gubun=K,2021,41680,4830
기아,K9,더 뉴 K9 3.8 AWD 베스트 셀렉션 II,https://www.bobaedream.co.kr/mycar/mycar_view.php?no=2230938&gubun=K,2023,33231,6070
기아,K9,더 뉴 K9 3.8 AWD  베스트 셀렉션 I,https://www.bobaedream.co.kr/mycar/mycar_view.php?no=2230960&gubun=K,2022,37965,4890
기아,K9,더 뉴 K9 3.8 AWD  베스트 셀렉션 I,https://www.bobaedream.co.kr/mycar/mycar_view.php?no=2231794&gubun=K,2022,27397,4750
기아,K9,더 K9 3.3 터보 AWD 마스터즈Ⅱ,https://www.bobaedream.co.kr/mycar/mycar_view.php?no=2232069&gubun=K,2018,20884,3699
기아,K9,더 뉴 K9  3.8 노블레스??,https://www.bobaedream.co.kr/mycar/mycar_view.php?no=2227350&gubun=K,2016,278110,1088
기아,니로,니로 1.6 HEV 노블레스,https://www.bobaedream.co.kr/mycar/mycar_view.php?no=2230969&gubun=K,2016,96588,1130
기아,니로,니로 EV   노블레스,https://www.bobaedream.co.kr/mycar/mycar_view.php?no=2231882&gubun=K,2019,103004,1960
기아,니로,니로 1.6 HEV  프레스티지,https://www.bobaedream.co.kr/mycar/mycar_view.php?no=2233018&gubun=K,2017,128530,1330
기아,니로,니로  1.6 HEV 프레스티지???,https://www.bobaedream.co.kr/mycar/mycar_view.php?no=2218352&gubun=K,2017,101814,1490
기아,레이,레이 1.0 밴  기본형,https://www.bobaedream.co.kr/mycar/mycar_view.php?no=2232737&gubun=K,2017,74586,640
기아,레이,더 뉴 레이 1.0  프레스티지,https://www.bobaedream.co.kr/mycar/mycar_view.php?no=2233340&gubun=K,2018,43348,1320
기아,레이,더 뉴 레이 1.0  프레스티지,https://www.bobaedream.co.kr/mycar/mycar_view.php?no=2233267&gubun=K,2018,67914,980
기아,레이,레이 1.0 럭셔리,https://www.bobaedream.co.kr/mycar/mycar_view.php?no=2230114&gubun=K,2012,84232,600
기아,레이,레이 1.0 디럭스,https://www.bobaedream.co.kr/mycar/mycar_view.php?no=2231000&gubun=K,2014,101858,600
기아,레이,더 뉴 레이 1.0 프레스티지,https://www.bobaedream.co.kr/mycar/mycar_view.php?no=2232451&gubun=K,2022,3433,1670
기아,레이,더 뉴 레이 1.0 시그니처,https://www.bobaedream.co.kr/mycar/mycar_view.php?no=2229841&gubun=K,2021,19504,1499
기아,레이,더 뉴 레이 1.0 프레스티지 베스트셀렉션,https://www.bobaedream.co.kr/mycar/mycar_view.php?no=2230953&gubun=K,2022,10304,1460
기아,레이,더 뉴 레이 1.0 프레스티지 베스트셀렉션,https://www.bobaedream.co.kr/mycar/mycar_view.php?no=2231448&gubun=K,2022,10162,1430
기아,레이,더 뉴 레이 1.0 프레스티지,https://www.bobaedream.co.kr/mycar/mycar_view.php?no=2231707&gubun=K,2020,20036,1230
기아,레이,더 뉴 레이 1.0 시그니처,https://www.bobaedream.co.kr/mycar/mycar_view.php?no=2231902&gubun=K,2023,25481,1680
기아,레이,더 뉴 레이 1.0  시그니처,https://www.bobaedream.co.kr/mycar/mycar_view.php?no=2232043&gubun=K,2021,38884,1450
기아,레이,더 뉴 레이 1.0 프레스티지 베스트셀렉션,https://www.bobaedream.co.kr/mycar/mycar_view.php?no=2232162&gubun=K,2022,6671,1480
기아,레이,더 뉴 레이 1.0  시그니처,https://www.bobaedream.co.kr/mycar/mycar_view.php?no=2232268&gubun=K,2022,4811,1560
기아,레이,더 뉴 레이 1.0  프레스티지,https://www.bobaedream.co.kr/mycar/mycar_view.php?no=2232598&gubun=K,2022,29576,1280
기아,레이,더 뉴 레이 1.0 프레스티지,https://www.bobaedream.co.kr/mycar/mycar_view.php?no=2232651&gubun=K,2019,25545,1269
기아,레이,더 뉴 레이 1.0 프레스티지,https://www.bobaedream.co.kr/mycar/mycar_view.php?no=2232756&gubun=K,2023,9541,1650
기아,모닝,올 뉴 모닝 1.0 디럭스 스페셜,https://www.bobaedream.co.kr/mycar/mycar_view.php?no=2230249&gubun=K,2013,71863,279
기아,모닝,올 뉴 모닝 1.0 디럭스 스페셜,https://www.bobaedream.co.kr/mycar/mycar_view.php?no=2231545&gubun=K,2011,137204,249
기아,모닝,올 뉴 모닝 1.0 디럭스 스페셜,https://www.bobaedream.co.kr/mycar/mycar_view.php?no=2231856&gubun=K,2011,152994,259
기아,모닝,올 뉴 모닝 1.0 프레스티지,https://www.bobaedream.co.kr/mycar/mycar_view.php?no=2232650&gubun=K,2017,35400,949
기아,모닝,모닝 어반 1.0  프레스티지 베스트 셀렉션,https://www.bobaedream.co.kr/mycar/mycar_view.php?no=2233368&gubun=K,2022,15501,1270
기아,모닝,모닝 어반 1.0  시그니처,https://www.bobaedream.co.kr/mycar/mycar_view.php?no=2233664&gubun=K,2023,11454,1499
기아,모닝,올 뉴 모닝 1.0  럭셔리,https://www.bobaedream.co.kr/mycar/mycar_view.php?no=2230575&gubun=K,2011,57000,279
기아,모닝,더 뉴 모닝 1.0 디럭스,https://www.bobaedream.co.kr/mycar/mycar_view.php?no=2233546&gubun=K,2015,79206,439
기아,모닝,올 뉴 모닝 1.0  스마트,https://www.bobaedream.co.kr/mycar/mycar_view.php?no=2233537&gubun=K,2011,107000,340
기아,모닝,뉴모닝 1.0 LX 스페셜,https://www.bobaedream.co.kr/mycar/mycar_view.php?no=2233408&gubun=K,2008,173000,130
기아,모닝,모닝 어반 1.0 프레스티지,https://www.bobaedream.co.kr/mycar/mycar_view.php?no=2232787&gubun=K,2023,13832,1250
기아,모닝,뉴모닝 1.0 SLX 스페셜,https://www.bobaedream.co.kr/mycar/mycar_view.php?no=2232462&gubun=K,2010,120714,250
기아,모닝,뉴모닝 1.0 SLX 고급형,https://www.bobaedream.co.kr/mycar/mycar_view.php?no=2231815&gubun=K,2009,149000,200
기아,모닝,뉴모닝 1.0 LX 고급형,https://www.bobaedream.co.kr/mycar/mycar_view.php?no=2231396&gubun=K,2008,210000,220
기아,모닝,올 뉴 모닝  1.0 바이퓨얼 스마트??,https://www.bobaedream.co.kr/mycar/mycar_view.php?no=2230338&gubun=K,2012,78361,399
기아,모닝,올 뉴 모닝  1.0 프레스티지???,https://www.bobaedream.co.kr/mycar/mycar_view.php?no=2228459&gubun=K,2018,95187,850
기아,모닝,올 뉴 모닝  1.0 럭셔리???,https://www.bobaedream.co.kr/mycar/mycar_view.php?no=2220714&gubun=K,2014,76000,550
기아,모닝,올 뉴 모닝 1.0 LPi  디럭스,https://www.bobaedream.co.kr/mycar/mycar_view.php?no=2197981&gubun=K,2017,84000,599
기아,모하비,모하비 3.0 디젤 4WD KV300,https://www.bobaedream.co.kr/mycar/mycar_view.php?no=2215468&gubun=K,2013,134856,1200
기아,모하비,더 뉴 모하비  3.0 디젤 4WD 프레지던트???,https://www.bobaedream.co.kr/mycar/mycar_view.php?no=2219639&gubun=K,2017,66521,2590
기아,모하비,더 뉴 모하비 3.0 디젤 AWD 프레지던트,https://www.bobaedream.co.kr/mycar/mycar_view.php?no=2231820&gubun=K,2016,83651,2040
기아,모하비,모하비 3.0 디젤 4WD KV300 고급형,https://www.bobaedream.co.kr/mycar/mycar_view.php?no=2230979&gubun=K,2009,175000,690
기아,모하비,모하비 3.0 디젤 4WD KV300 최고급형,https://www.bobaedream.co.kr/mycar/mycar_view.php?no=2232087&gubun=K,2008,118000,720
기아,모하비,모하비 더 마스터 3.0 디젤 4WD 5인승 마스터즈,https://www.bobaedream.co.kr/mycar/mycar_view.php?no=2233039&gubun=K,2020,71973,3790
기아,모하비,모하비 더 마스터 3.0 디젤 4WD 5인승  마스터즈,https://www.bobaedream.co.kr/mycar/mycar_view.php?no=2233384&gubun=K,2022,18202,4170
기아,모하비,모하비 더 마스터 3.0 디젤 4WD 7인승 마스터즈,https://www.bobaedream.co.kr/mycar/mycar_view.php?no=2233691&gubun=K,2019,74303,3580
기아,모하비,모하비 3.0 디젤 4WD  QV300,https://www.bobaedream.co.kr/mycar/mycar_view.php?no=2233104&gubun=K,2012,96249,1240
기아,모하비,모하비 더 마스터 3.0 디젤 4WD 5인승 마스터즈,https://www.bobaedream.co.kr/mycar/mycar_view.php?no=2230877&gubun=K,2022,37700,4180
기아,모하비,더 뉴 모하비  3.0 디젤 4WD 프레지던트??,https://www.bobaedream.co.kr/mycar/mycar_view.php?no=2220896&gubun=K,2017,208000,1299
기아,모하비,모하비 3.0 디젤 4WD KV300 최고급형,https://www.bobaedream.co.kr/mycar/mycar_view.php?no=2227484&gubun=K,2014,199450,810
기아,봉고,더 뉴 봉고3  캠핑카 -???,https://www.bobaedream.co.kr/mycar/mycar_view.php?no=2229100&gubun=K,2021,6842,5850
기아,봉고,봉고3 윙바디 탑차,https://www.bobaedream.co.kr/mycar/mycar_view.php?no=2222432&gubun=K,2018,80800,1650
기아,봉고,더 뉴 봉고3 킹캡  초장축 L 라이트,https://www.bobaedream.co.kr/mycar/mycar_view.php?no=2231532&gubun=K,2023,14074,1690
기아,봉고,봉고3 내장 탑차,https://www.bobaedream.co.kr/mycar/mycar_view.php?no=2229632&gubun=K,2021,39586,1800
기아,봉고,봉고3 내장 탑차,https://www.bobaedream.co.kr/mycar/mycar_view.php?no=2233553&gubun=K,2020,97000,1290
기아,봉고,봉고3  1.2톤 킹캡 초장축 프레스티지???,https://www.bobaedream.co.kr/mycar/mycar_view.php?no=2228071&gubun=K,2018,153709,1190
기아,봉고,봉고3  킹캡 초장축 럭셔리??,https://www.bobaedream.co.kr/mycar/mycar_view.php?no=2233721&gubun=K,2018,141188,999
기아,봉고,더 뉴 봉고3  내장 탑차 1톤 저상형?,https://www.bobaedream.co.kr/mycar/mycar_view.php?no=2226701&gubun=K,2020,86243,1250
기아,봉고,더 뉴 봉고3 킹캡  초장축 L,https://www.bobaedream.co.kr/mycar/mycar_view.php?no=2233463&gubun=K,2021,15820,1650
기아,봉고,봉고3 냉동 탑차,https://www.bobaedream.co.kr/mycar/mycar_view.php?no=2232972&gubun=K,2009,138000,450
기아,봉고,봉고3 파워게이트,https://www.bobaedream.co.kr/mycar/mycar_view.php?no=2230432&gubun=K,2014,297376,695
기아,봉고,봉고3 냉장 탑차,https://www.bobaedream.co.kr/mycar/mycar_view.php?no=2231145&gubun=K,2019,44827,1490
기아,봉고,봉고3  냉동 탑차 -??,https://www.bobaedream.co.kr/mycar/mycar_view.php?no=2194599&gubun=K,2014,175000,590
기아,봉고,봉고3  파워게이트 -???,https://www.bobaedream.co.kr/mycar/mycar_view.php?no=2228665&gubun=K,2019,137000,1299
기아,봉고,더 뉴 봉고3  킹캡 초장축 L 라이트???,https://www.bobaedream.co.kr/mycar/mycar_view.php?no=2228135&gubun=K,2021,41000,1590
기아,봉고,봉고3  CRDi 킹캡 초장축 노블레스???,https://www.bobaedream.co.kr/mycar/mycar_view.php?no=2230199&gubun=K,2019,141000,1170
기아,봉고,봉고3  내장 탑차 -???,https://www.bobaedream.co.kr/mycar/mycar_view.php?no=2231919&gubun=K,2019,79700,1199
기아,봉고,봉고3  내장 탑차 -??,https://www.bobaedream.co.kr/mycar/mycar_view.php?no=2231936&gubun=K,2012,197000,530
기아,봉고,봉고3  1.2톤 킹캡 초장축 노블레스??,https://www.bobaedream.co.kr/mycar/mycar_view.php?no=2232604&gubun=K,2015,169000,730
기아,봉고,봉고3  CRDi 킹캡 초장축 럭셔리???,https://www.bobaedream.co.kr/mycar/mycar_view.php?no=2232692&gubun=K,2018,150000,860
기아,스팅어,스팅어 3.3 터보 AWD  GT,https://www.bobaedream.co.kr/mycar/mycar_view.php?no=2233228&gubun=K,2017,109196,2650
기아,스팅어,스팅어 2.0 터보 플래티넘,https://www.bobaedream.co.kr/mycar/mycar_view.php?no=2233439&gubun=K,2017,109722,1370
기아,스팅어,스팅어 마이스터  3.3 터보 GT 마스터즈 터보팩???,https://www.bobaedream.co.kr/mycar/mycar_view.php?no=2232622&gubun=K,2020,34481,4090
기아,스팅어,스팅어 3.3 터보 AWD GT,https://www.bobaedream.co.kr/mycar/mycar_view.php?no=2231701&gubun=K,2019,54435,2529
기아,스팅어,스팅어 마이스터  3.3 터보 AWD GT 아크로 에디션???,https://www.bobaedream.co.kr/mycar/mycar_view.php?no=2230808&gubun=K,2022,38273,4590
기아,스팅어,스팅어 2.2 디젤  플래티넘,https://www.bobaedream.co.kr/mycar/mycar_view.php?no=2233613&gubun=K,2018,137000,1580
기아,스팅어,스팅어  2.0 터보 AWD 플래티넘??,https://www.bobaedream.co.kr/mycar/mycar_view.php?no=2231095&gubun=K,2019,86146,2330
기아,스팅어,스팅어  2.0 터보 플래티넘???,https://www.bobaedream.co.kr/mycar/mycar_view.php?no=2231920&gubun=K,2018,124019,1930
기아,스팅어,스팅어  3.3 터보 GT???,https://www.bobaedream.co.kr/mycar/mycar_view.php?no=2233185&gubun=K,2017,218699,1590
기아,스팅어,스팅어  2.0 터보 플래티넘???,https://www.bobaedream.co.kr/mycar/mycar_view.php?no=2231763&gubun=K,2018,55000,2590
기아,스팅어,스팅어  2.0 터보 AWD 플래티넘???,https://www.bobaedream.co.kr/mycar/mycar_view.php?no=2233456&gubun=K,2018,56000,2290
기아,스팅어,스팅어 마이스터 3.3 터보 GT,https://www.bobaedream.co.kr/mycar/mycar_view.php?no=2233427&gubun=K,2021,32000,3300
기아,스팅어,스팅어 2.0 터보 AWD 플래티넘,https://www.bobaedream.co.kr/mycar/mycar_view.php?no=2232790&gubun=K,2017,119000,2100
기아,스팅어,스팅어  2.0 터보 알칸타라 에디션?,https://www.bobaedream.co.kr/mycar/mycar_view.php?no=2232492&gubun=K,2019,159556,1650
기아,스팅어,스팅어 3.3 터보 AWD GT,https://www.bobaedream.co.kr/mycar/mycar_view.php?no=2231890&gubun=K,2017,72300,2350
기아,스포티지,스포티지R  2.0 디젤 2WD TLX 프리미엄???,https://www.bobaedream.co.kr/mycar/mycar_view.php?no=2233571&gubun=K,2012,99940,820
기아,스포티지,더 뉴 스포티지R 2.0 디젤 2WD 프레스티지,https://www.bobaedream.co.kr/mycar/mycar_view.php?no=2222514&gubun=K,2014,96925,930
기아,스포티지,더 뉴 스포티지R  2.0 디젤 2WD 트렌디,https://www.bobaedream.co.kr/mycar/mycar_view.php?no=2231728&gubun=K,2014,151304,750
기아,스포티지,스포티지R 2.0 디젤 4WD  TLX 최고급형,https://www.bobaedream.co.kr/mycar/mycar_view.php?no=2232749&gubun=K,2012,192143,540
기아,스포티지,스포티지R 2.0 디젤 2WD  TLX 프리미엄,https://www.bobaedream.co.kr/mycar/mycar_view.php?no=2233497&gubun=K,2011,182461,500
기아,스포티지,스포티지R 2.0 디젤 2WD  TLX 프리미엄,https://www.bobaedream.co.kr/mycar/mycar_view.php?no=2233489&gubun=K,2013,85972,720
기아,스포티지,디 올 뉴 스포티지 1.6 터보 2WD 시그니처 그래비티,https://www.bobaedream.co.kr/mycar/mycar_view.php?no=2232389&gubun=K,2021,38000,3190
기아,스포티지,스포티지 4세대  1.7 디젤 2WD 노블레스???,https://www.bobaedream.co.kr/mycar/mycar_view.php?no=2232883&gubun=K,2018,24015,1640
기아,스포티지,스포티지R 2.0 디젤 2WD TLX 최고급형,https://www.bobaedream.co.kr/mycar/mycar_view.php?no=2227780&gubun=K,2013,101967,780
기아,스포티지,스포티지R 2.0 디젤 2WD TLX 최고급형,https://www.bobaedream.co.kr/mycar/mycar_view.php?no=2232453&gubun=K,2011,164376,429
기아,쏘렌토,뉴 쏘렌토R 2.0 디젤 4WD 노블레스,https://www.bobaedream.co.kr/mycar/mycar_view.php?no=2232757&gubun=K,2013,159515,870
기아,쏘렌토,더 뉴 쏘렌토 4세대  2.2 디젤 2WD 프레스티지,https://www.bobaedream.co.kr/mycar/mycar_view.php?no=2214218&gubun=K,2023,999,350
기아,쏘렌토,더 뉴 쏘렌토 4세대 2.5 가솔린 터보 2WD 노블레스,https://www.bobaedream.co.kr/mycar/mycar_view.php?no=2230797&gubun=K,2024,20,350
기아,쏘렌토,쏘렌토 4세대 2.2 디젤 2WD 프레스티지,https://www.bobaedream.co.kr/mycar/mycar_view.php?no=2230453&gubun=K,2021,46398,2099
기아,쏘렌토,뉴 쏘렌토R 2.0 디젤 2WD  TLX,https://www.bobaedream.co.kr/mycar/mycar_view.php?no=2231533&gubun=K,2013,99187,960
기아,쏘렌토,더 뉴 쏘렌토 2.2 디젤 2WD 노블레스,https://www.bobaedream.co.kr/mycar/mycar_view.php?no=2232223&gubun=K,2018,83032,2000
기아,쏘렌토,뉴 쏘렌토R 2.0 디젤 2WD TLX 스페셜,https://www.bobaedream.co.kr/mycar/mycar_view.php?no=2232637&gubun=K,2012,236742,479
기아,쏘렌토,쏘렌토 4세대  2.2 디젤 2WD 프레스티지???,https://www.bobaedream.co.kr/mycar/mycar_view.php?no=2211139&gubun=K,2020,59000,2990
기아,카니발,올 뉴 카니발  2.2 디젤 9인승 하이리무진 노블레스???,https://www.bobaedream.co.kr/mycar/mycar_view.php?no=2232433&gubun=K,2016,161537,1990
기아,카니발,카니발 4세대  2.2 디젤 9인승 시그니처???,https://www.bobaedream.co.kr/mycar/mycar_view.php?no=2233695&gubun=K,2022,44000,4200
기아,카니발,카니발 4세대  2.2 디젤 9인승 하이리무진 시그니처???,https://www.bobaedream.co.kr/mycar/mycar_view.php?no=2232631&gubun=K,2021,84952,4350
기아,카니발,카니발 4세대 3.5 가솔린 9인승 시그니처,https://www.bobaedream.co.kr/mycar/mycar_view.php?no=2232991&gubun=K,2022,20500,3790
기아,카니발,더 뉴 카니발 4세대 3.5 가솔린 9인승 노블레스,https://www.bobaedream.co.kr/mycar/mycar_view.php?no=2233506&gubun=K,2023,7000,3397
기아,카니발,올 뉴 카니발  2.2 디젤 9인승 노블레스???,https://www.bobaedream.co.kr/mycar/mycar_view.php?no=2233223&gubun=K,2017,97536,1840
기아,카니발,카니발 4세대  2.2 디젤 9인승 시그니처???,https://www.bobaedream.co.kr/mycar/mycar_view.php?no=2233426&gubun=K,2020,180261,2790
기아,카니발,그랜드 카니발 R 2.2 디젤 GLX 최고급형,https://www.bobaedream.co.kr/mycar/mycar_view.php?no=2228585&gubun=K,2014,181269,359
쉐보레,스파크,더 넥스트 스파크 1.0 LTZ,https://www.bobaedream.co.kr/mycar/mycar_view.php?no=2233728&gubun=K,2016,118000,670
쉐보레,스파크,스파크  1.0 LS 스타??,https://www.bobaedream.co.kr/mycar/mycar_view.php?no=2231245&gubun=K,2011,69733,350
쉐보레,스파크,스파크 1.0  LT,https://www.bobaedream.co.kr/mycar/mycar_view.php?no=2232864&gubun=K,2011,85140,260
쉐보레,스파크,스파크 1.0 LS 스타,https://www.bobaedream.co.kr/mycar/mycar_view.php?no=2232577&gubun=K,2012,128467,219
쉐보레,스파크,더 뉴 스파크 1.0 프리미어,https://www.bobaedream.co.kr/mycar/mycar_view.php?no=2232449&gubun=K,2021,12049,1129
쉐보레,스파크,더 뉴 스파크 1.0 프리미어,https://www.bobaedream.co.kr/mycar/mycar_view.php?no=2233372&gubun=K,2019,33192,990
쉐보레,스파크,더 뉴 스파크 1.0  마이핏 LT,https://www.bobaedream.co.kr/mycar/mycar_view.php?no=2233658&gubun=K,2018,36787,1050
쉐보레,스파크,스파크 1.0 LPGi L,https://www.bobaedream.co.kr/mycar/mycar_view.php?no=2225296&gubun=K,2014,169000,219
쉐보레,스파크,더 넥스트 스파크 1.0 LT 플러스,https://www.bobaedream.co.kr/mycar/mycar_view.php?no=2233622&gubun=K,2016,50100,579
쉐보레,스파크,더 넥스트 스파크 1.0 LTZ,https://www.bobaedream.co.kr/mycar/mycar_view.php?no=2233474&gubun=K,2016,87000,519
쉐보레,스파크,더 넥스트 스파크 1.0 LTZ,https://www.bobaedream.co.kr/mycar/mycar_view.php?no=2233624&gubun=K,2015,44816,559
쉐보레,스파크,스파크 1.0  LS 플러스,https://www.bobaedream.co.kr/mycar/mycar_view.php?no=2230654&gubun=K,2013,40103,375
쉐보레,스파크,더 넥스트 스파크 1.0 LT,https://www.bobaedream.co.kr/mycar/mycar_view.php?no=2233195&gubun=K,2017,58000,290
쉐보레,스파크,더 넥스트 스파크  1.0 LTZ???,https://www.bobaedream.co.kr/mycar/mycar_view.php?no=2233173&gubun=K,2016,114471,650
쉐보레,스파크,더 뉴 스파크 1.0 마이핏 에디션,https://www.bobaedream.co.kr/mycar/mycar_view.php?no=2230499&gubun=K,2019,91911,799
쉐보레,스파크,더 넥스트 스파크  1.0 LT 플러스???,https://www.bobaedream.co.kr/mycar/mycar_view.php?no=2232950&gubun=K,2015,38000,650
쉐보레,스파크,스파크 1.0 LS,https://www.bobaedream.co.kr/mycar/mycar_view.php?no=2232161&gubun=K,2011,120000,270
쉐보레,스파크,더 넥스트 스파크  1.0 에코 LS,https://www.bobaedream.co.kr/mycar/mycar_view.php?no=2232080&gubun=K,2016,53990,460
쉐보레,스파크,스파크 1.0 S LS 플러스,https://www.bobaedream.co.kr/mycar/mycar_view.php?no=2231978&gubun=K,2011,34477,320
쉐보레,스파크,더 넥스트 스파크  1.0 LT 플러스???,https://www.bobaedream.co.kr/mycar/mycar_view.php?no=2215314&gubun=K,2016,80152,599
쉐보레,말리부,말리부 2.0 디젤 LT 디럭스팩,https://www.bobaedream.co.kr/mycar/mycar_view.php?no=2228537&gubun=K,2014,208595,279
쉐보레,말리부,올 뉴 말리부 1.5 터보  LTZ,https://www.bobaedream.co.kr/mycar/mycar_view.php?no=2233457&gubun=K,2016,68994,990
쉐보레,말리부,올 뉴 말리부 1.5 터보 LS 디럭스,https://www.bobaedream.co.kr/mycar/mycar_view.php?no=2232499&gubun=K,2017,87155,960
쉐보레,말리부,말리부 2.0  LT 디럭스팩,https://www.bobaedream.co.kr/mycar/mycar_view.php?no=2231607&gubun=K,2013,125000,390
쉐보레,말리부,말리부 2.0 디젤  LT 프리미엄팩,https://www.bobaedream.co.kr/mycar/mycar_view.php?no=2233614&gubun=K,2015,153000,360
쉐보레,말리부,말리부 2.0  LT,https://www.bobaedream.co.kr/mycar/mycar_view.php?no=2231193&gubun=K,2012,132545,290
쉐보레,말리부,올 뉴 말리부 1.5 터보 LTZ 프리미엄 세이프티,https://www.bobaedream.co.kr/mycar/mycar_view.php?no=2233630&gubun=K,2017,139992,1080
쉐보레,말리부,말리부 2.4 LTZ,https://www.bobaedream.co.kr/mycar/mycar_view.php?no=2232630&gubun=K,2014,110908,569
쉐보레,말리부,올 뉴 말리부 1.5 터보 LTZ 프리미엄 세이프티,https://www.bobaedream.co.kr/mycar/mycar_view.php?no=2233591&gubun=K,2018,104575,1200
쉐보레,말리부,말리부 2.4 LTZ,https://www.bobaedream.co.kr/mycar/mycar_view.php?no=2231885&gubun=K,2015,74000,710
쉐보레,말리부,말리부 2.0  LT,https://www.bobaedream.co.kr/mycar/mycar_view.php?no=2233270&gubun=K,2013,177595,330
쉐보레,말리부,올 뉴 말리부  2.0 터보 LTZ 프리미엄???,https://www.bobaedream.co.kr/mycar/mycar_view.php?no=2219065&gubun=K,2016,81260,1290
르노코리아,SM3,SM3 네오 1.6  SE,https://www.bobaedream.co.kr/mycar/mycar_view.php?no=2232584&gubun=K,2014,82370,490
르노코리아,SM3,뉴 SM3 1.6 RE,https://www.bobaedream.co.kr/mycar/mycar_view.php?no=2230727&gubun=K,2010,142805,179
르노코리아,SM3,뉴 SM3 1.6 RE,https://www.bobaedream.co.kr/mycar/mycar_view.php?no=2233483&gubun=K,2009,104189,269
르노코리아,SM3,뉴 SM3 1.6  SE,https://www.bobaedream.co.kr/mycar/mycar_view.php?no=2231789&gubun=K,2014,101998,420
르노코리아,SM3,뉴 SM3 1.6 LE 익스클루시브,https://www.bobaedream.co.kr/mycar/mycar_view.php?no=2231347&gubun=K,2012,197410,210
르노코리아,SM5,SM5 뉴 임프레션  2.0 SE,https://www.bobaedream.co.kr/mycar/mycar_view.php?no=2230400&gubun=K,2008,58010,270
르노코리아,SM5,뉴SM5 플래티넘 2.0 LE,https://www.bobaedream.co.kr/mycar/mycar_view.php?no=2232687&gubun=K,2013,108936,330
르노코리아,SM5,SM5 뉴 임프레션 2.0 LPLi  고급형,https://www.bobaedream.co.kr/mycar/mycar_view.php?no=2226249&gubun=K,2009,159520,179
르노코리아,SM5,SM5 노바 2.0 LPLi  LE,https://www.bobaedream.co.kr/mycar/mycar_view.php?no=2227005&gubun=K,2015,115577,645
르노코리아,SM5,뉴 SM5 2.0 LE 블랙,https://www.bobaedream.co.kr/mycar/mycar_view.php?no=2231873&gubun=K,2007,269000,165
르노코리아,SM5,뉴SM5 플래티넘 2.0 LPLi   SE 플러스,https://www.bobaedream.co.kr/mycar/mycar_view.php?no=2233276&gubun=K,2013,206614,250
르노코리아,SM5,뉴SM5 플래티넘  2.0 PE???,https://www.bobaedream.co.kr/mycar/mycar_view.php?no=2230016&gubun=K,2014,83000,430
르노코리아,SM5,뉴SM5 플래티넘  2.0 LPLi  RE???,https://www.bobaedream.co.kr/mycar/mycar_view.php?no=2221543&gubun=K,2014,94000,630
르노코리아,SM6,SM6 2.0 LPe  LE,https://www.bobaedream.co.kr/mycar/mycar_view.php?no=2224738&gubun=K,2016,117907,1000
르노코리아,SM6,SM6  2.0 LPe  SE,https://www.bobaedream.co.kr/mycar/mycar_view.php?no=2225383&gubun=K,2019,139570,870
르노코리아,SM6,SM6  2.0 RE,https://www.bobaedream.co.kr/mycar/mycar_view.php?no=2232994&gubun=K,2016,122870,770
르노코리아,SM6,SM6 1.6 터보 RE,https://www.bobaedream.co.kr/mycar/mycar_view.php?no=2233503&gubun=K,2016,105502,850
르노코리아,SM6,SM6 1.5 디젤 LE,https://www.bobaedream.co.kr/mycar/mycar_view.php?no=2232911&gubun=K,2017,127527,669
르노코리아,SM6,SM6 2.0  RE,https://www.bobaedream.co.kr/mycar/mycar_view.php?no=2230585&gubun=K,2017,137000,579
르노코리아,SM6,SM6 2.0  RE,https://www.bobaedream.co.kr/mycar/mycar_view.php?no=2230586&gubun=K,2016,139000,629
르노코리아,SM6,SM6 2.0 RE,https://www.bobaedream.co.kr/mycar/mycar_view.php?no=2230755&gubun=K,2016,110000,1079
르노코리아,SM6,SM6 1.6 터보 LE,https://www.bobaedream.co.kr/mycar/mycar_view.php?no=2232335&gubun=K,2016,109000,650
르노코리아,SM6,SM6  1.5 디젤 LE???,https://www.bobaedream.co.kr/mycar/mycar_view.php?no=2222378&gubun=K,2018,62950,1095
르노코리아,SM6,SM6 1.6 터보  RE,https://www.bobaedream.co.kr/mycar/mycar_view.php?no=2229338&gubun=K,2016,237546,590
르노코리아,SM7,올 뉴 SM7  3.5 RE35,https://www.bobaedream.co.kr/mycar/mycar_view.php?no=2228496&gubun=K,2014,152730,490
르노코리아,SM7,SM7 뉴 아트 2.3 LE23,https://www.bobaedream.co.kr/mycar/mycar_view.php?no=2232743&gubun=K,2011,158158,260
르노코리아,SM7,SM7 노바 2.5  RE,https://www.bobaedream.co.kr/mycar/mycar_view.php?no=2230427&gubun=K,2014,139000,480
르노코리아,SM7,올 뉴 SM7 2.5 LE,https://www.bobaedream.co.kr/mycar/mycar_view.php?no=2233554&gubun=K,2011,166272,279
르노코리아,SM7,SM7 노바 2.0 LPe,https://www.bobaedream.co.kr/mycar/mycar_view.php?no=2231147&gubun=K,2016,20603,1230
르노코리아,SM7,SM7 뉴 아트 2.3 프레스티지,https://www.bobaedream.co.kr/mycar/mycar_view.php?no=2232523&gubun=K,2009,186000,399
르노코리아,SM7,SM7 노바  2.5 LE???,https://www.bobaedream.co.kr/mycar/mycar_view.php?no=2227627&gubun=K,2016,24000,1450
르노코리아,SM7,SM7 노바  2.0 LPe  -???,https://www.bobaedream.co.kr/mycar/mycar_view.php?no=2224522&gubun=K,2019,87446,1090
르노코리아,QM3,QM3 1.5 디젤 RE,https://www.bobaedream.co.kr/mycar/mycar_view.php?no=2233027&gubun=K,2015,167353,430
르노코리아,QM3,QM3  1.5 디젤 RE???,https://www.bobaedream.co.kr/mycar/mycar_view.php?no=2230955&gubun=K,2015,116489,600
르노코리아,QM3,QM3 1.5 디젤 LE,https://www.bobaedream.co.kr/mycar/mycar_view.php?no=2219884&gubun=K,2014,136000,429
르노코리아,QM3,QM3 1.5 디젤 LE,https://www.bobaedream.co.kr/mycar/mycar_view.php?no=2231443&gubun=K,2014,160445,599
르노코리아,QM3,QM3 1.5 디젤 RE 시그니처,https://www.bobaedream.co.kr/mycar/mycar_view.php?no=2233626&gubun=K,2016,124884,659
르노코리아,QM3,QM3 1.5 디젤  RE,https://www.bobaedream.co.kr/mycar/mycar_view.php?no=2231215&gubun=K,2014,91422,650
르노코리아,QM5,QM5 네오 2.0 디젤 2WD LE,https://www.bobaedream.co.kr/mycar/mycar_view.php?no=2232917&gubun=K,2014,94787,359
르노코리아,QM5,QM5 네오 2.0 디젤 4WD  RE,https://www.bobaedream.co.kr/mycar/mycar_view.php?no=2232960&gubun=K,2015,142000,539
르노코리아,QM5,QM5 네오  2.0 디젤 2WD LE???,https://www.bobaedream.co.kr/mycar/mycar_view.php?no=2232780&gubun=K,2015,116418,699
르노코리아,QM5,뉴 QM5 2.0 디젤 4WD  RE,https://www.bobaedream.co.kr/mycar/mycar_view.php?no=2232057&gubun=K,2013,110000,600
르노코리아,QM6,QM6 2.0 디젤 2WD LE,https://www.bobaedream.co.kr/mycar/mycar_view.php?no=2229256&gubun=K,2017,128323,1150
르노코리아,QM6,QM6 2.0 디젤 2WD RE 시그니처,https://www.bobaedream.co.kr/mycar/mycar_view.php?no=2230306&gubun=K,2016,194742,799
르노코리아,QM6,더 뉴 QM6 2.0 가솔린 2WD 프리미에르??,https://www.bobaedream.co.kr/mycar/mycar_view.php?no=2224713&gubun=K,2020,18560,1950
르노코리아,QM6,QM6 2.0 가솔린 2WD  LE,https://www.bobaedream.co.kr/mycar/mycar_view.php?no=2233175&gubun=K,2020,41200,1620
르노코리아,QM6,더 뉴 QM6  2.0 LPe 2WD 프리미에르,https://www.bobaedream.co.kr/mycar/mycar_view.php?no=2231055&gubun=K,2021,51100,2280
르노코리아,QM6,더 뉴 QM6  퀘스트 2.0 LPe 2WD 어드밴처???,https://www.bobaedream.co.kr/mycar/mycar_view.php?no=2230835&gubun=K,2024,1400,2700
르노코리아,QM6,더 뉴 QM6  2.0 LPe 2WD RE 시그니처???,https://www.bobaedream.co.kr/mycar/mycar_view.php?no=2232535&gubun=K,2019,94000,1600
KG모빌리티,렉스턴, 렉스턴 스포츠 2.2 디젤 4WD  프레스티지 스페셜,https://www.bobaedream.co.kr/mycar/mycar_view.php?no=2229254&gubun=K,2020,79465,2050
KG모빌리티,렉스턴, G4 렉스턴 2.2 디젤 2WD 5인승 럭셔리,https://www.bobaedream.co.kr/mycar/mycar_view.php?no=2228914&gubun=K,2017,92000,1199
KG모빌리티,렉스턴, 렉스턴 스포츠 2.2 디젤 2WD 어드벤처,https://www.bobaedream.co.kr/mycar/mycar_view.php?no=2231150&gubun=K,2018,73532,1730
KG모빌리티,렉스턴, 더 뉴 렉스턴 스포츠 칸  2.2 디젤 4WD 와일드??,https://www.bobaedream.co.kr/mycar/mycar_view.php?no=2232098&gubun=K,2021,21487,4950
KG모빌리티,렉스턴, 올 뉴 렉스턴  2.2 디젤 4WD 더 블랙???,https://www.bobaedream.co.kr/mycar/mycar_view.php?no=2233396&gubun=K,2022,41000,3900
KG모빌리티,렉스턴, 렉스턴 스포츠 칸 2.2 디젤 4WD  5링크 프레스티지 스페셜,https://www.bobaedream.co.kr/mycar/mycar_view.php?no=2233394&gubun=K,2019,70097,1890
KG모빌리티,렉스턴, G4 렉스턴  2.2 디젤 4WD 5인승 유라시아..,https://www.bobaedream.co.kr/mycar/mycar_view.php?no=2231364&gubun=K,2019,135000,1750
KG모빌리티,렉스턴, 렉스턴 스포츠  2.2 디젤 2WD 프레스티지???,https://www.bobaedream.co.kr/mycar/mycar_view.php?no=2231281&gubun=K,2019,117959,1700
KG모빌리티,렉스턴, 렉스턴 스포츠 2.2 디젤 2WD 프레스티지,https://www.bobaedream.co.kr/mycar/mycar_view.php?no=2230232&gubun=K,2021,37843,2290
KG모빌리티,렉스턴, 더 뉴 렉스턴 스포츠 칸  2.2 디젤 4WD 프레스티지???,https://www.bobaedream.co.kr/mycar/mycar_view.php?no=2228435&gubun=K,2023,14700,5900
KG모빌리티,체어맨, 뉴 체어맨W  3.6 AWD CW700 프레스티지???,https://www.bobaedream.co.kr/mycar/mycar_view.php?no=2227628&gubun=K,2014,43000,1550
KG모빌리티,체어맨, 체어맨  3.2 CM 600S???,https://www.bobaedream.co.kr/mycar/mycar_view.php?no=2227752&gubun=K,2002,56000,990
KG모빌리티,체어맨, 체어맨W  3.6 CW700 럭셔리???,https://www.bobaedream.co.kr/mycar/mycar_view.php?no=2228280&gubun=K,2008,48900,750
KG모빌리티,체어맨, 뉴 체어맨W  3.6 CW700 이그제큐티브???,https://www.bobaedream.co.kr/mycar/mycar_view.php?no=2227626&gubun=K,2014,33000,1650
KG모빌리티,체어맨, 뉴 체어맨W  3.6 AWD CW700 럭셔리???,https://www.bobaedream.co.kr/mycar/mycar_view.php?no=2226553&gubun=K,2013,57900,1450
KG모빌리티,코란도, 뉴 코란도 C 2.0 디젤 4WD CVT 최고급형,https://www.bobaedream.co.kr/mycar/mycar_view.php?no=2232777&gubun=K,2014,132895,540
KG모빌리티,코란도, 뉴 코란도 C 2.0 디젤 4WD  DX,https://www.bobaedream.co.kr/mycar/mycar_view.php?no=2232774&gubun=K,2015,180940,460
KG모빌리티,코란도, 코란도 C 2.0 디젤 4WD  클러비,https://www.bobaedream.co.kr/mycar/mycar_view.php?no=2232775&gubun=K,2012,144817,330
KG모빌리티,코란도, 코란도 C 2.0 디젤 4WD  클래시,https://www.bobaedream.co.kr/mycar/mycar_view.php?no=2232776&gubun=K,2012,125000,470
KG모빌리티,코란도, 코란도 스포츠 2.0 디젤 4WD  CX7 패션,https://www.bobaedream.co.kr/mycar/mycar_view.php?no=2231089&gubun=K,2014,158000,680
KG모빌리티,코란도, 뉴 코란도 C 2.0 디젤 2WD CVT 고급형,https://www.bobaedream.co.kr/mycar/mycar_view.php?no=2230445&gubun=K,2014,189099,299
KG모빌리티,코란도, 뉴 코란도 C 2.0 디젤 4WD CVT 고급형,https://www.bobaedream.co.kr/mycar/mycar_view.php?no=2231285&gubun=K,2014,129128,399
KG모빌리티,코란도, 코란도 투리스모 2.0 디젤 4WD RT 11인승,https://www.bobaedream.co.kr/mycar/mycar_view.php?no=2231754&gubun=K,2013,129910,459
KG모빌리티,코란도, 뉴 코란도 C  2.0 디젤 2WD CVT 고급형???,https://www.bobaedream.co.kr/mycar/mycar_view.php?no=2230895&gubun=K,2014,103580,590
KG모빌리티,코란도, 코란도 투리스모 2.0 디젤 4WD GT 11인승,https://www.bobaedream.co.kr/mycar/mycar_view.php?no=2231781&gubun=K,2013,287836,329
KG모빌리티,코란도, 코란도 투리스모 2.0 디젤 4WD GT 11인승,https://www.bobaedream.co.kr/mycar/mycar_view.php?no=2232578&gubun=K,2014,159927,419
KG모빌리티,코란도, 뉴 코란도 C 2.0 디젤 2WD  CVT 고급형,https://www.bobaedream.co.kr/mycar/mycar_view.php?no=2232980&gubun=K,2013,149210,399
KG모빌리티,코란도, 코란도 스포츠 2.0 디젤 2WD CX5 클럽,https://www.bobaedream.co.kr/mycar/mycar_view.php?no=2215570&gubun=K,2013,227826,420
KG모빌리티,코란도, 코란도 스포츠 2.0 디젤 4WD 익스트림,https://www.bobaedream.co.kr/mycar/mycar_view.php?no=2225592&gubun=K,2015,189430,649
KG모빌리티,코란도, 코란도 스포츠 2.0 디젤 4WD CX7 비전,https://www.bobaedream.co.kr/mycar/mycar_view.php?no=2229027&gubun=K,2012,140000,530
KG모빌리티,코란도, 코란도 스포츠 2.0 디젤 4WD CX7 패션,https://www.bobaedream.co.kr/mycar/mycar_view.php?no=2229239&gubun=K,2012,120000,599
KG모빌리티,코란도, 뉴 코란도 C 2.0 디젤 2WD  CVT 고급형,https://www.bobaedream.co.kr/mycar/mycar_view.php?no=2232091&gubun=K,2014,132000,450
KG모빌리티,코란도, 코란도 스포츠  2.0 디젤 4WD 익스트림???,https://www.bobaedream.co.kr/mycar/mycar_view.php?no=2231692&gubun=K,2016,93044,1099
KG모빌리티,코란도, 뷰티풀 코란도 1.5 가솔린 2WD C5 플러스,https://www.bobaedream.co.kr/mycar/mycar_view.php?no=2233124&gubun=K,2022,51880,1800
KG모빌리티,코란도, 더 뉴 코란도 스포츠  2.2 디젤 4WD CX7 비전???,https://www.bobaedream.co.kr/mycar/mycar_view.php?no=2233534&gubun=K,2016,110000,1270
KG모빌리티,티볼리, 티볼리 아머  1.6 가솔린 2WD 기어 에디션???,https://www.bobaedream.co.kr/mycar/mycar_view.php?no=2231247&gubun=K,2017,34208,1590
KG모빌리티,티볼리, 티볼리 1.6 가솔린 2WD LX 고급형,https://www.bobaedream.co.kr/mycar/mycar_view.php?no=2230736&gubun=K,2015,101001,710
KG모빌리티,티볼리, 티볼리 아머 1.6 가솔린 2WD VX,https://www.bobaedream.co.kr/mycar/mycar_view.php?no=2232601&gubun=K,2018,28749,1340
KG모빌리티,티볼리, 티볼리 에어 1.6 가솔린 2WD  IX,https://www.bobaedream.co.kr/mycar/mycar_view.php?no=2233530&gubun=K,2017,34165,1360
KG모빌리티,티볼리, 티볼리 에어 1.6 디젤 2WD  RX,https://www.bobaedream.co.kr/mycar/mycar_view.php?no=2233615&gubun=K,2016,125000,650
KG모빌리티,티볼리, 티볼리 1.6 디젤 2WD  LX,https://www.bobaedream.co.kr/mycar/mycar_view.php?no=2233100&gubun=K,2016,63427,980
KG모빌리티,티볼리, 에어 1.6 디젤 2WD RX,https://www.bobaedream.co.kr/mycar/mycar_view.php?no=2233634&gubun=K,2016,190000,690
KG모빌리티,티볼리, 에어 1.6 디젤 2WD IX,https://www.bobaedream.co.kr/mycar/mycar_view.php?no=2232525&gubun=K,2019,47800,1180
KG모빌리티,티볼리, 티볼리  1.6 가솔린 2WD VX???,https://www.bobaedream.co.kr/mycar/mycar_view.php?no=2231325&gubun=K,2016,134250,799
KG모빌리티,티볼리, 티볼리  1.6 가솔린 2WD VX???,https://www.bobaedream.co.kr/mycar/mycar_view.php?no=2230757&gubun=K,2017,63500,989
KG모빌리티,티볼리, 베리 뉴 티볼리  1.6 디젤 2WD V3,https://www.bobaedream.co.kr/mycar/mycar_view.php?no=2230583&gubun=K,2019,73997,1320
KG모빌리티,티볼리, 티볼리 1.6 가솔린 2WD  LX 최고급형,https://www.bobaedream.co.kr/mycar/mycar_view.php?no=2225635&gubun=K,2015,103792,640
KG모빌리티,티볼리, 티볼리 1.6 디젤 2WD VX,https://www.bobaedream.co.kr/mycar/mycar_view.php?no=2227494&gubun=K,2015,158991,470
KG모빌리티,티볼리, 티볼리  1.6 가솔린 2WD LX 고급형???,https://www.bobaedream.co.kr/mycar/mycar_view.php?no=2229635&gubun=K,2015,146875,790
